日	rì	太阳，也可以表示一天。	日出,日光	日出时，太阳从东方升起。	自然天地	☀️	reveal	拨开云朵，让太阳照亮小山。
月	yuè	夜空中的月亮，也用来记录一个月。	月亮,月光	月亮把柔柔的光洒在窗前。	自然天地	🌙	reveal	轻轻拨开夜云，找到月亮。
山	shān	地面上高高隆起的地方。	高山,山顶	小鸟飞过高高的山。	自然天地	⛰️	collect	找到三座高高的小山。
水	shuǐ	能流动的液体，喝水和洗手都需要它。	喝水,河水	我用清水把小手洗干净。	自然天地	💧	collect	收集水滴，帮小河流起来。
火	huǒ	燃烧时出现的光和热。	火苗,火光	我们离火远一点，保护自己。	自然天地	🔥	reveal	点亮画里的小火苗，看看温暖的光。
木	mù	树木，也表示用树做成的材料。	木头,木门	木头做成了结实的小椅子。	自然天地	🪵	collect	找到木头，搭一座小桥。
土	tǔ	植物扎根生长的泥土。	泥土,土地	小种子在泥土里慢慢发芽。	自然天地	🟤	collect	收集泥土，给种子盖好小被子。
云	yún	空中由许多小水滴或冰晶组成的团块。	白云,云朵	白云像软软的棉花。	自然天地	☁️	collect	找一找天上的白云。
雨	yǔ	从云里落下来的小水滴。	下雨,雨点	雨点落在叶子上，滴答滴答。	自然天地	🌧️	collect	接住雨点，给小花喝水。
风	fēng	流动的空气。	大风,风车	风吹过来，风车转起来。	自然天地	🌬️	reveal	轻轻点风车，让风车转起来。
猫	māo	有胡须、会喵喵叫的动物。	小猫,花猫	小猫在垫子上伸懒腰。	动物朋友	🐱	match	找到会喵喵叫的小猫。
狗	gǒu	会汪汪叫、能陪伴人的动物。	小狗,狗爪	小狗摇着尾巴跑过来。	动物朋友	🐶	match	听一听，找到汪汪叫的小狗。
鸟	niǎo	长着羽毛，许多会飞的动物。	小鸟,鸟窝	小鸟把树枝送回鸟窝。	动物朋友	🐦	collect	帮小鸟收集树枝，搭一个窝。
鱼	yú	生活在水里，用鳃呼吸的动物。	小鱼,金鱼	小鱼在水里摆动尾巴。	动物朋友	🐟	collect	找到水中游动的小鱼。
牛	niú	身体较大、会哞哞叫的动物。	奶牛,小牛	奶牛慢慢地吃青草。	动物朋友	🐮	match	把青草送给会哞哞叫的牛。
羊	yáng	有蹄子、常有角、会咩咩叫的动物。	小羊,山羊	小羊在草地上吃草。	动物朋友	🐑	match	找到咩咩叫的小羊。
马	mǎ	有四只蹄子，跑得快的动物。	小马,白马	小马沿着小路跑起来。	动物朋友	🐴	reveal	点开围栏，让小马跑一跑。
兔	tù	长耳朵、短尾巴、喜欢跳的动物。	兔子,白兔	白兔竖起了长长的耳朵。	动物朋友	🐰	match	找出有长耳朵的小兔。
虫	chóng	昆虫等小动物的通称。	小虫,昆虫	小虫停在一片叶子上。	动物朋友	🐛	collect	在叶子间找到小虫。
龙	lóng	传说中能腾云的动物。	小龙,龙舟	故事里的小龙飞到云朵上。	动物朋友	🐉	reveal	拨开故事里的云，看看小龙。
人	rén	会说话、会思考的我们。	人们,大人	公园里有散步的人。	我的身体	🧒	match	找出正在挥手的小朋友。
口	kǒu	嘴，可以用来吃东西和说话。	开口,口水	我张开口，轻轻说你好。	我的身体	👄	reveal	点一点嘴巴，让它说你好。
手	shǒu	胳膊末端能抓拿东西的部分。	小手,双手	我用双手接住皮球。	我的身体	🖐️	match	找到可以抓住皮球的小手。
足	zú	脚，是站立和走路用的身体部分。	双足,足球	我用双足稳稳地站在地上。	我的身体	🦶	match	找到站在草地上的小脚。
目	mù	眼睛，看东西用的器官。	双目,目光	我用双目看美丽的图画。	我的身体	👀	reveal	打开窗帘，让眼睛看看图画。
耳	ěr	头两侧用来听声音的部分。	耳朵,双耳	我用耳朵听小鸟唱歌。	我的身体	👂	match	找到能听声音的耳朵。
头	tóu	身体上端，长着眼睛和耳朵的部分。	头发,点头	听懂以后，我轻轻地点头。	我的身体	🙂	reveal	点一下小朋友，让他点点头。
心	xīn	心脏，也可以说心里的感受。	开心,爱心	看见朋友，我心里很开心。	我的身体	❤️	collect	收集爱心，把温暖送给朋友。
牙	yá	嘴里用来咬碎食物的坚硬部分。	牙齿,刷牙	我每天认真刷牙。	我的身体	🦷	collect	找到牙齿旁的小泡泡，帮它刷干净。
身	shēn	人的身体。	身体,转身	我转身向妈妈挥挥手。	我的身体	🧍	reveal	点一下小朋友，让他转过身。
爸	bà	爸爸，对父亲的称呼。	爸爸,老爸	爸爸陪我搭积木。	我的家人	👨	match	找到正在搭积木的爸爸。
妈	mā	妈妈，对母亲的称呼。	妈妈,爸妈	妈妈和我一起看图画书。	我的家人	👩	match	找到一起看书的妈妈。
爷	yé	爷爷，对父亲的父亲的称呼。	爷爷,爷孙	爷爷牵着我的手去散步。	我的家人	👴	match	找到笑着挥手的爷爷。
奶	nǎi	奶奶，对父亲的母亲的称呼；也表示乳汁。	奶奶,牛奶	奶奶给我讲有趣的故事。	我的家人	👵	match	找到正在讲故事的奶奶。
姐	jiě	同辈中比自己年长的女性。	姐姐,姐妹	姐姐教我折一只纸船。	我的家人	👧	match	找到会折纸船的姐姐。
哥	gē	同辈中比自己年长的男性。	哥哥,哥们	哥哥和我一起踢球。	我的家人	👦	match	找到一起踢球的哥哥。
弟	dì	同辈中比自己年幼的男性。	弟弟,兄弟	弟弟抱着毛绒玩具。	我的家人	🧒	match	找到抱着玩具的弟弟。
妹	mèi	同辈中比自己年幼的女性。	妹妹,姐妹	妹妹把积木递给我。	我的家人	👧	match	找到拿着积木的妹妹。
家	jiā	和家人一起生活的地方。	回家,家人	天快黑了，我们一起回家。	我的家人	🏠	reveal	打开小屋的门，看看温暖的家。
友	yǒu	对别人亲切，愿意一起相处和互相帮助。	友好,朋友	我友好地邀请大家轮流玩滑梯。	我的家人	🤝	match	找到愿意轮流玩的小伙伴。
一	yī	表示一个的数。	一个,一起	树上有一只小鸟。	数一数	⭐	count	数一数，找到一颗星星。
二	èr	表示两个的数。	二月,二人	二月里，天气还有些冷。	数一数	⭐	count	数一数，找到两颗星星。
三	sān	表示三个的数。	三个,三角	三只小鸭在水里游。	数一数	⭐	count	数一数，找到三颗星星。
四	sì	表示四个的数。	四个,四季	小桌子有四条腿。	数一数	⭐	count	数一数，找到四颗星星。
五	wǔ	表示五个的数。	五个,五官	我的一只手有五根手指。	数一数	⭐	count	数一数，找到五颗星星。
六	liù	表示六个的数。	六个,六月	盒子里装着六块积木。	数一数	⭐	count	数一数，找到六颗星星。
七	qī	表示七个的数。	七个,七天	一个星期有七天。	数一数	⭐	count	数一数，找到七颗星星。
八	bā	表示八个的数。	八个,八月	花园里开了八朵小花。	数一数	⭐	count	数一数，找到八颗星星。
九	jiǔ	表示九个的数。	九个,九月	我们把九颗珠子串起来。	数一数	⭐	count	数一数，找到九颗星星。
十	shí	表示十个的数。	十个,十分	我的两只手一共有十根手指。	数一数	⭐	count	数一数，找到十颗星星。
米	mǐ	稻谷去壳后得到的粮食，可以煮成米饭。	大米,米饭	米在锅里煮成香香的饭。	好好吃饭	🍚	collect	收集米粒，装进小饭碗。
面	miàn	这里指用面粉做的面条。	面条,面包	碗里的面条长长的。	好好吃饭	🍜	collect	找出面条，放进碗里。
瓜	guā	多汁、常有种子的果实，如西瓜。	西瓜,南瓜	我们把西瓜切开分享。	好好吃饭	🍉	reveal	打开西瓜，看看里面红红的果肉。
果	guǒ	植物结出的果实。	水果,苹果	我把水果洗干净再吃。	好好吃饭	🍎	collect	把水果收进干净的小篮子。
豆	dòu	豆类植物的种子。	豆子,红豆	碗里有圆圆的豆子。	好好吃饭	🫘	collect	把豆子放回小碗里。
菜	cài	可以吃的蔬菜，也表示做好的食物。	白菜,青菜	我吃一口绿绿的青菜。	好好吃饭	🥬	match	找出绿绿的青菜。
肉	ròu	动物身体里的柔软组织，有些可以作为食物。	鱼肉,鸡肉	碗里有一小块煮熟的鱼肉。	好好吃饭	🍗	match	找到碗里煮熟的肉。
蛋	dàn	鸟等动物产的卵，如鸡蛋。	鸡蛋,鸭蛋	鸡蛋外面有一层硬壳。	好好吃饭	🥚	reveal	剥开熟鸡蛋，看看蛋白和蛋黄。
饭	fàn	煮熟的谷物食物，也指一餐。	米饭,吃饭	吃饭时，我把碗里的米饭吃好。	好好吃饭	🍚	match	找到香香的米饭。
糖	táng	有甜味的物质，也指用它做成的食品。	白糖,糖果	我只吃少量糖果，吃后清洁牙齿。	好好吃饭	🍬	collect	找出甜甜的糖果，放进小盒子。
门	mén	房屋上供人进出的开口和挡板。	开门,门口	我轻轻推开门。	生活物品	🚪	reveal	轻轻打开门，看看门后有什么。
窗	chuāng	墙上能让光和空气进入的开口。	窗户,窗台	阳光从窗户照进来。	生活物品	🪟	reveal	打开窗帘，让阳光进来。
床	chuáng	睡觉和休息用的家具。	小床,起床	我在小床上安心地睡觉。	生活物品	🛏️	match	找到铺着小被子的床。
桌	zhuō	有桌面和支架，可以放东西的家具。	桌子,书桌	我把图画书放在桌上。	生活物品	🪑	match	找到放着图画书的桌子。
椅	yǐ	有座面、通常有靠背的坐具。	椅子,座椅	我坐在椅子上画画。	生活物品	🪑	match	找到可以坐下来的椅子。
书	shū	写着文字或画着图画的读物。	图书,书本	我翻开一本有小熊的书。	生活物品	📚	reveal	翻开书，看看里面的小熊。
笔	bǐ	画画和写字用的工具。	画笔,铅笔	我用画笔画了一朵花。	生活物品	🖍️	collect	收集彩色画笔，放进笔筒。
包	bāo	能装东西的袋子。	书包,小包	我把水杯放进包里。	生活物品	🎒	reveal	打开小包，看看里面的水杯。
杯	bēi	用来装水等饮品的容器。	水杯,杯子	我用杯子喝温水。	生活物品	🥤	collect	把杯子放在桌上，准备喝水。
衣	yī	穿在身上保护身体的东西。	衣服,上衣	天冷了，我穿上暖暖的衣服。	生活物品	👕	match	找到可以穿在身上的衣服。
走	zǒu	两脚交替移动，让身体前进。	走路,走开	我牵着妈妈的手慢慢走。	一起动起来	🚶	reveal	点一点小朋友，让他慢慢走。
跑	pǎo	比走更快地用脚移动。	跑步,奔跑	我在安全的草地上跑步。	一起动起来	🏃	reveal	点一点，让小朋友在草地上跑起来。
跳	tiào	用脚用力，让身体短暂离开地面。	跳高,跳绳	小兔轻轻一跳，跳过了小沟。	一起动起来	🐇	reveal	点一点小兔，帮它跳过小沟。
看	kàn	用眼睛观察。	看书,看见	我认真看树上的小鸟。	一起动起来	👀	reveal	拨开叶子，看一看藏着的小鸟。
听	tīng	用耳朵接收声音。	听见,听话	我安静地听小鸟唱歌。	一起动起来	👂	reveal	点一点小鸟，听听它的声音。
说	shuō	用声音表达想法。	说话,说笑	我对朋友说你好。	一起动起来	💬	reveal	点一下嘴巴，说一句你好。
吃	chī	把食物放进嘴里咀嚼并咽下。	吃饭,吃菜	我一口一口地吃饭。	一起动起来	🥣	collect	把食物送进小碗，准备吃饭。
喝	hē	把水等液体送入口中并咽下。	喝水,喝汤	运动以后，我喝一点温水。	一起动起来	🥛	collect	收集水滴，让水杯装好水。
笑	xiào	高兴时露出的表情和声音。	微笑,笑脸	看见爸爸，我露出了笑脸。	一起动起来	😄	reveal	点一下笑脸，看看开心的表情。
哭	kū	难过或不舒服时流泪、发出声音。	哭泣,哭声	难过想哭时，我会告诉妈妈。	一起动起来	😢	reveal	点一点小朋友，用陪伴安慰他。
大	dà	尺寸、数量或年龄比较多。	大树,大人	这棵大树能给我们遮阳。	比较和方位	🐘	match	找出两只动物中比较大的那只。
小	xiǎo	尺寸、数量或年龄比较少。	小鸟,小手	小鸟停在细细的树枝上。	比较和方位	🐭	match	找出两只动物中比较小的那只。
多	duō	数量较大。	许多,好多	这边篮子里的苹果多。	比较和方位	🍎	match	比一比，找出苹果多的篮子。
少	shǎo	数量较小。	少量,少数	那边篮子里的苹果少。	比较和方位	🍏	match	比一比，找出苹果少的篮子。
上	shàng	位置较高的一边。	上面,上山	小鸟站在树枝上。	比较和方位	⬆️	match	找到树枝上面的小鸟。
下	xià	位置较低的一边。	下面,下雨	小猫躲在桌子下面。	比较和方位	⬇️	match	找到桌子下面的小猫。
左	zuǒ	面向前方时，和右相对的一边。	左边,左手	我举起左手向朋友打招呼。	比较和方位	⬅️	match	看着同一个方向，找到左边的小花。
右	yòu	面向前方时，和左相对的一边。	右边,右手	我把小球放在右边。	比较和方位	➡️	match	看着同一个方向，找到右边的小球。
长	cháng	两端之间的距离比较大。	长绳,长短	这条绳子很长。	比较和方位	📏	match	比一比，找出比较长的绳子。
短	duǎn	两端之间的距离比较小。	短绳,短小	这根短绳子能系住小盒子。	比较和方位	📏	match	比一比，找出比较短的绳子。
红	hóng	像熟番茄那样的颜色。	红色,红花	花园里开着一朵红花。	颜色和植物	🔴	match	把红色的小花放到红色花盆里。
黄	huáng	像香蕉皮那样的颜色。	黄色,黄叶	秋天有些树叶变黄了。	颜色和植物	🟡	match	找到黄色的小叶子。
蓝	lán	像晴天天空那样的颜色。	蓝色,蓝天	晴天的天空是蓝色的。	颜色和植物	🔵	match	找到蓝色的天空卡片。
绿	lǜ	像青草那样的颜色。	绿色,绿叶	春天长出了嫩绿的叶子。	颜色和植物	🟢	match	找到绿色的小叶子。
白	bái	像雪和白纸那样的颜色。	白色,白云	白云在蓝天上飘动。	颜色和植物	⚪	match	找到白色的云朵。
黑	hēi	像黑炭那样很暗的颜色。	黑色,黑夜	黑色的小猫躺在垫子上。	颜色和植物	⚫	match	找到黑色的小猫。
花	huā	植物开出的部分，常有颜色和香味。	花朵,开花	小蜜蜂飞到花朵上。	颜色和植物	🌸	collect	收集掉落的小花，装饰小花园。
草	cǎo	茎较柔软的植物。	小草,草地	小草在春风里轻轻摇摆。	颜色和植物	🌱	reveal	给土地一点水，让小草长出来。
叶	yè	植物上通常扁平的部分，能帮助植物生长。	叶子,树叶	叶子在阳光下闪着绿色的光。	颜色和植物	🍃	collect	把落下的叶子收进小篮子。
树	shù	有木质主干、枝条和叶子的植物。	大树,树枝	大树给小鸟提供了家。	颜色和植物	🌳	reveal	轻轻点树苗，看它长成大树。
品	pǐn	物品、产品，也可以表示细细地尝一尝。	物品,品尝	我品尝了一小口甜甜的苹果。	好好吃饭	🍎	match	找到能细细品尝的水果。
死	sǐ	生命已经结束，不再生长和活动；这个话题可以和家长一起谈。	枯死,死去	一片枯死的叶子落到了地上。	生命和自然	🍂	match	看看落叶，找到表示生命结束的字。
杀	shā	使生命结束；在杀菌这个词里指清除有害的微生物。	杀菌,杀灭	清洁和适当的杀菌能减少有害微生物。	健康和科学	🧼	match	和家长一起听一听杀菌是什么意思。
血	xuè	在身体里流动的液体，帮助把氧气和营养送到全身。	血液,流血	不小心流血时，我会马上请大人帮助。	健康和科学	🩹	match	找到能帮助身体运送氧气的血液。
罪	zuì	违反法律的行为，也可表示严重的过错。	犯罪,罪行	故事里的人认识到自己的罪行并改正。	亲子阅读	📖	match	和家长一起读故事，认识表示严重过错的字。
敌	dí	和自己对抗的一方；天敌指在自然中捕食某种动物的动物。	天敌,敌对	小虫的天敌会把它当作食物。	生命和自然	🐦	match	和家长一起观察自然，认识天敌这个词。
枪	qiāng	一种武器；水枪是用来喷水的工具或玩具。	水枪,喷枪	我用玩具水枪朝空处喷水。	工具和生活	💦	reveal	点一下玩具水枪，让水喷向空处。
确	què	真实、可靠或正确。	正确,确认	我数一数，确认篮子里有三个苹果。	观察和思考	✅	match	比一比，找到数量正确的篮子。
间	jiān	两个事物之间的地方，也指房间。	中间,房间	小球放在两个盒子的中间。	比较和方位	📦	match	找到两个盒子中间的小球。
重	zhòng	分量较大，需要更大的力气才能拿起。	重量,轻重	这块大石头很重，我请大人帮忙。	比较和方位	🪨	match	比一比，找到分量重的石头。
场	chǎng	供某种活动使用的较大的地方。	广场,操场	我们在操场上做游戏。	生活空间	🏞️	reveal	打开小门，看看大家做游戏的操场。
传	chuán	把东西、话语等从一个人交给另一个人。	传球,传递	我把球轻轻传给朋友。	一起动起来	⚽	reveal	把球传给身边的小伙伴。
联	lián	把事物连接起来。	联系,联合	老师用电话联系我的家人。	生活表达	☎️	match	找到能联系家人的电话。
车	chē	带轮子、能运送人或东西的工具。	汽车,火车	汽车在道路上平稳地行驶。	交通工具	🚗	reveal	点一下小汽车，让它沿道路前进。
单	dān	只有一个，与双或多相对。	单个,单人	单人椅上只坐一个人。	比较和方位	🪑	match	找到只能坐一个人的单人椅。
连	lián	接在一起，或者一件事接着一件事。	连接,连线	我把两段积木轨道连接起来。	生活物品	🧩	collect	把两段轨道连接成一条小路。
况	kuàng	事情的样子或状态。	情况,状况	妈妈关心我今天在幼儿园的情况。	生活表达	💬	match	听一听小朋友描述今天的情况。
参	cān	加入到活动中，或者一起商量。	参加,参与	我参加了幼儿园的唱歌活动。	生活表达	🎶	reveal	点开舞台，参加大家的唱歌活动。
围	wéi	从四周环绕起来。	围巾,围绕	暖暖的围巾围在我的脖子上。	生活物品	🧣	reveal	给画里的小熊围好围巾。
朝	cháo	向着某个方向，也表示历史上的一个时代。	朝向,王朝	我朝着太阳升起的方向挥手。	比较和方位	🌅	match	找到朝着太阳挥手的小朋友。
欢	huān	快乐、高兴。	欢乐,欢笑	朋友们在花园里欢乐地游戏。	感受和表达	😄	reveal	点开花园，看看大家欢乐的笑脸。
肯	kěn	愿意做，也可以表示认可。	肯定,不肯	我肯把玩具借给朋友。	感受和表达	🤝	match	找到愿意分享玩具的小朋友。
秘	mì	没有公开、只有一些人知道的。	秘密,神秘	我和爸爸准备了一个生日秘密。	故事与想象	🎁	reveal	打开礼物盒，发现生日小秘密。
寻	xún	找，设法发现想要的事物。	寻找,寻宝	我沿着脚印寻找藏着的小兔。	观察和思考	🔎	collect	沿着脚印寻找小兔。
吧	ba	放在句子末尾，可以表示邀请、商量或猜想。	来吧,好吧	我对朋友说，一起玩吧。	生活表达	💬	reveal	点一下小朋友，听他说一起玩吧。
的	de	连接词语，表示是谁的东西，或东西是什么样的。	我的,你的	这是我的小书包。	生活表达	🎒	match	听一听，找到表示东西属于谁的字。
是	shì	用来说明一件事是什么，或者表示肯定。	是的,不是	这是我的小猫。	生活表达	🐱	match	听一听，这是小猫，找到句子里的字。
不	bù	表示否定，说明不是这样或不要做。	不同,不要	我不推挤别人。	生活表达	🖐️	match	听一听，找到表示不要这样做的字。
了	le	放在动词后或句子末尾，表示事情完成或情况变化。	好了,来了	小兔回家了。	生活表达	🏠	reveal	打开门，看看已经回家的小兔。
在	zài	表示在哪里，也可以表示事情正在进行。	在家,正在	小鸟在树上唱歌。	生活表达	🌳	match	找到在树上的小鸟。
有	yǒu	表示拥有或存在。	有趣,有用	我有一本图画书。	生活表达	📖	match	听一听，谁有一本图画书。
我	wǒ	说话的人用来称呼自己。	我们,我的	我把玩具收进盒子。	我和朋友	🧒	reveal	点一下小朋友，听他说我来收玩具。
他	tā	用来称呼自己和听话的人以外的男性。	他们,他的	他正在给小花浇水。	我和朋友	👦	match	找到正在浇水的小男孩。
这	zhè	指靠近自己的人或事物。	这个,这里	这只小猫就在我身边。	生活表达	🐱	match	找到离自己比较近的这只小猫。
个	gè	数人和许多物品时使用的量词。	一个,两个	桌上有一个苹果。	数一数	🍎	count	数一数，桌上有几个苹果。
们	men	放在我、你、他等词后面，表示不止一个人。	我们,你们	我们一起给小花浇水。	我和朋友	🧒	match	找到一起浇水的一群小朋友。
中	zhōng	在里面或两边之间。	中间,中心	小熊坐在两只小兔中间。	比较和方位	🐻	match	找到坐在中间的小熊。
来	lái	从别处到说话的人这里。	过来,回来	小狗向我跑来。	一起动起来	🐶	reveal	点一下小狗，让它向我们跑来。
为	wéi	做，成为，或当作。	成为,作为	我想成为一个会分享的人。	生活表达	🤝	match	听一听，找到成为里的那个字。
和	hé	把两个人或事物连接在一起，也表示关系融洽。	和好,和平	我和朋友一起看书。	我和朋友	📚	match	找到一起看书的两个朋友。
国	guó	国家，人们共同生活和组织社会的地方。	中国,国家	我在地图上找到了中国。	认识世界	🗺️	match	在地图卡片里找到中国。
地	dì	地面、土地，也可以表示地方。	地面,草地	小兔在草地上跳。	自然天地	🌱	reveal	点一下草地，让小兔跳一跳。
到	dào	来到一个地方，或达到某个时间和程度。	来到,到家	走过小桥，我们就到家了。	生活表达	🏡	reveal	沿着小路走到温暖的小家。
以	yǐ	用在词语里表示方式、范围或条件。	可以,以前	我可以自己穿鞋了。	生活表达	👟	match	听一听可以，找到里面的字。
时	shí	时间、时刻，事情发生的那一会儿。	时间,小时	吃饭时，我坐在小椅子上。	时间和生活	🕒	match	找到表示吃饭这一会儿的字。
要	yào	想得到，需要，或要求做。	需要,要紧	我需要一杯温水。	生活表达	🥛	match	找到小朋友需要的温水。
就	jiù	表示接着做、立刻做，或说明就是这样。	就来,就是	洗好手，我就去吃饭。	生活表达	🧼	reveal	先洗好手，再去吃饭。
出	chū	从里面到外面。	出来,出门	小鸟从鸟窝里飞出来。	一起动起来	🐦	reveal	打开鸟窝的小门，让小鸟出来。
会	huì	懂得怎样做，能够做。	学会,会画	我学会自己穿鞋了。	生活表达	👟	match	找到已经会自己穿鞋的小朋友。
可	kě	表示能够、可以，或值得这样做。	可以,可爱	我可以把玩具借给你。	生活表达	🧸	match	找到可以借给朋友的玩具。
也	yě	表示同样如此，或还有一种情况。	也来,也是	姐姐吃苹果，我也吃苹果。	生活表达	🍎	match	找到也在吃苹果的小朋友。
你	nǐ	说话时用来称呼听自己说话的人。	你好,你们	你好，我们一起玩吧。	我和朋友	👋	reveal	点一下小朋友，听他说你好。
对	duì	正确，也表示面对、相对。	对面,对手	我把球传给对面的朋友。	比较和方位	⚽	match	找到站在对面的朋友。
生	shēng	长出来，产生，或生活着。	生长,生活	小树在阳光下生长。	生命和自然	🌱	reveal	给小树一点水，看它慢慢生长。
能	néng	有本领做，或者有可能做到。	能够,能干	我能把积木收整齐。	生活表达	🧩	match	找到能把积木收好的小朋友。
而	ér	把前后两句话或词语连接起来。	而且,然而	这片草地小而整洁。	生活表达	🌱	match	听一听小而整洁，找到连接词语的字。
子	zǐ	指子女，也能表示植物的种子等事物。	子女,子孙	父母关心自己的子女。	我的家人	👨‍👩‍👧	match	听一听子女，找到表示孩子的字。
那	nà	指离自己较远的人或事物。	那边,那个	那边有一棵大树。	比较和方位	🌳	match	找到远处的那棵大树。
得	dé	得到，获得。	得到,获得	照顾花园以后，我得到一颗小星星。	生活表达	⭐	collect	找到刚刚得到的小星星。
于	yú	表示与某个地方、时间或事情的关系。	关于,终于	我终于把拼图拼好了。	生活表达	🧩	reveal	拼好最后一块，终于完成拼图。
着	zhe	放在动词后，表示动作或状态还在继续。	看着,听着	我看着小鱼在水里游。	生活表达	🐟	reveal	看看小鱼一直游着。
自	zì	自己，或从某处开始。	自己,自然	我自己把玩具收好了。	生活表达	🧸	collect	自己动手把玩具放回盒子。
之	zhī	用来连接词语，在之前、之后里表示相对的时间。	之前,之后	吃饭之前，我先洗手。	时间和生活	🧼	match	找到吃饭之前要做的事。
年	nián	一年有十二个月，是记录时间的单位。	新年,今年	新年到了，我们向家人问好。	时间和生活	🎉	reveal	打开日历，看看新年的第一天。
过	guò	经过某个地方，也表示一件事情已经发生。	经过,过去	小鸭走过了小桥。	一起动起来	🦆	reveal	帮小鸭平稳地走过小桥。
发	fā	送出、开始，或长出新的东西。	出发,发现	我们背好小包，出发去公园。	一起动起来	🎒	reveal	背好小包，出发去公园。
后	hòu	位置在背面，或者时间较晚。	后面,以后	小狗跟在小猫后面。	比较和方位	🐶	match	找到走在后面的小狗。
作	zuò	做出东西或做某件事。	制作,作品	我制作了一张生日卡片。	动手创造	🎨	collect	收集彩纸，制作一张小卡片。
里	lǐ	内部或里面。	里面,里外	盒子里装着彩色积木。	比较和方位	📦	reveal	打开盒子，看看里面的积木。
用	yòng	拿来做某件事。	使用,用心	我用画笔画小花。	生活物品	🖍️	match	找到画小花要用的画笔。
道	dào	道路，也表示做事的办法或道理。	道路,道理	我们沿着道路走到公园。	生活空间	🛣️	reveal	沿着道路走到小公园。
行	xíng	走，或做事情。	行走,行动	我在人行道上慢慢行走。	一起动起来	🚶	reveal	让小朋友沿人行道慢慢行走。
所	suǒ	地方，或者表示事情涉及的范围。	场所,厕所	公园里有供大家使用的厕所。	生活空间	🚻	match	找到公园里的厕所标志。
然	rán	表示这样，或放在词语后面说明状态。	自然,突然	突然，一只小鸟飞过来了。	生活表达	🐦	reveal	拨开云朵，发现突然飞来的小鸟。
种	zhǒng	能长出新植物的种子，也表示种类。	种子,品种	我把种子轻轻放进土里。	生命和自然	🌰	collect	把种子收进小花盆。
事	shì	发生的情况，或需要做的工作。	事情,好事	帮助朋友是一件好事。	生活表达	🤝	match	找到帮助朋友这件好事。
成	chéng	变为某种样子，或把事情做完。	变成,完成	小种子慢慢长成了一棵树。	生命和自然	🌳	reveal	给种子浇水，看它长成小树。
方	fāng	四边相等的形状，也表示方向或方法。	正方,方向	这块积木的面是正方形。	形状和空间	🟨	match	找到正方形的积木。
经	jīng	通过某个地方或事情，也用于表示常常如此。	经过,经常	我经常和妈妈一起看书。	生活表达	📚	match	找到小朋友经常做的看书活动。
么	me	放在什么、怎么等词里，帮助提出问题。	什么,怎么	这是什么花呀？	生活表达	🌸	match	听一听什么，找到提问词里的字。
去	qù	从这里到别的地方。	出去,回去	我和家人一起去公园。	一起动起来	🏞️	reveal	点开小路，和家人去公园。
法	fǎ	做事情的方法或规则。	方法,办法	我们想到了一个整理玩具的办法。	观察和思考	📦	match	找到能把玩具整理好的办法。
学	xué	通过观察、练习和听讲来获得知识或本领。	学习,学校	我正在学着自己扣扣子。	生活表达	👕	reveal	和小朋友一起学习扣扣子。
如	rú	像一样，也用来引出一种假设。	如同,如果	白云如同软软的棉花。	故事与想象	☁️	match	找到如同棉花一样的白云。
都	dōu	表示全部一样，没有漏掉。	都是,都来	小朋友都把玩具放回了盒子。	生活表达	🧸	collect	把所有玩具都送回盒子。
同	tóng	一样，或在一起。	同学,一同	我和朋友一同走过小桥。	我和朋友	🤝	reveal	让两个朋友一同走过小桥。
现	xiàn	出现，或表示正在这时。	现在,发现	我发现叶子下面有一只小虫。	观察和思考	🐛	reveal	翻开叶子，发现藏着的小虫。
当	dāng	在某个时候或地方，也可以表示担任。	当中,当心	我坐在两个朋友当中。	比较和方位	🧒	match	找到坐在朋友当中的小朋友。
没	méi	没有，表示不存在或没有发生。	没有,没空	盒子里没有玩具了。	生活表达	📦	reveal	打开空盒子，看看里面没有玩具。
动	dòng	改变位置或做出动作。	活动,动手	小兔动了动长长的耳朵。	一起动起来	🐰	reveal	点一下小兔，看看耳朵动起来。
起	qǐ	从躺着或坐着变为站立，也表示开始。	起床,起来	早上，我起床穿衣服。	一起动起来	🛏️	reveal	点一下小朋友，让他慢慢起床。
定	dìng	固定下来，或确定要怎样做。	固定,决定	我决定先收玩具，再去洗手。	观察和思考	✅	match	听一听小朋友作出的决定。
天	tiān	地面上方的天空，也表示一天。	天空,白天	白天，我在天空里看见白云。	自然天地	🌤️	reveal	拨开云朵，看看明亮的天空。
分	fēn	把整体分成部分，也表示分别或分给。	分开,分享	我把苹果分给两个朋友。	我和朋友	🍎	collect	把苹果分享给小伙伴。
还	hái	表示继续如此，或除了这些另有一些。	还有,还是	我还想再听一个故事。	生活表达	📖	match	找到小朋友还想听的故事书。
进	jìn	从外面到里面，或向前移动。	进门,前进	小猫走进了小屋。	一起动起来	🐱	reveal	打开门，让小猫走进小屋。
好	hǎo	让人满意、喜欢或觉得合适。	好看,好友	这朵小花真好看。	感受和表达	🌸	match	找到小朋友觉得好看的小花。
部	bù	一个整体中的一部分。	部分,全部	这部分积木是红色的。	观察和思考	🧩	collect	找出红色的那一部分积木。
其	qí	指前面说过的人或事物，也用来表示其中。	其中,其他	三个苹果，其中一个是绿色的。	观察和思考	🍏	match	找到其中那个绿色的苹果。
些	xiē	表示不确定的数量，通常不止一个。	一些,这些	篮子里放着一些苹果。	数一数	🍎	collect	把这些苹果收进小篮子。
主	zhǔ	主要的，或负责、拥有某件事物的人。	主人,主要	我做玩具的主人，好好照顾它们。	生活表达	🧸	match	找到正在照顾玩具的小主人。
样	yàng	事物的样子，也表示种类或式样。	样子,一样	两个小杯子的样子不一样。	比较和方位	🥤	match	比一比，找出样子不同的杯子。
理	lǐ	整理，让事物有顺序，也表示道理。	整理,道理	我把小桌上的画笔整理好了。	生活物品	🖍️	collect	把画笔整理到笔筒里。
她	tā	用来称呼自己和听话的人以外的女性。	她们,她的	她正在花园里画画。	我和朋友	👧	match	找到正在画画的小女孩。
本	běn	用来数书等东西，也表示书本、根本。	书本,本来	我把一本图画书放在书架上。	生活物品	📚	collect	把这本图画书放回书架。
前	qián	位置在前方，或时间比较早。	前面,以前	小猫走在小狗前面。	比较和方位	🐱	match	找到走在前面的小猫。
开	kāi	让关闭的东西打开，也表示开始或展开。	开门,开花	春天，小花开了。	生命和自然	🌸	reveal	给花苞一点阳光，看它慢慢开花。
但	dàn	把前后相反或有变化的意思连接起来。	但是,但愿	我想出去玩，但是要先穿好鞋。	生活表达	👟	match	听一听但是，找到表示变化的字。
因	yīn	事情发生的原因。	因为,原因	因为下雨，我们带上了雨伞。	观察和思考	☔	match	找到因为下雨要带的雨伞。
只	zhǐ	表示仅有，没有更多。	只有,只是	盒子里只有一个小球。	数一数	⚽	match	找到只有一个小球的盒子。
从	cóng	表示起点，或跟随、顺着。	从前,从来	我从家里走到幼儿园。	生活空间	🏡	reveal	从小家出发，沿着路到幼儿园。
想	xiǎng	思考，希望，或记挂某个人。	想法,想念	我想念远方的奶奶。	感受和表达	👵	match	找到小朋友正在想念的奶奶。
实	shí	真实、实在，也表示植物结出的果实。	真实,果实	树上结出了圆圆的果实。	生命和自然	🍎	collect	收集从树上摘下的果实。
军	jūn	有组织的军队，也可以表示军队中的人员。	军人,军队	故事里的军人帮助大家搬沙袋。	认识世界	🪖	match	和家长一起读故事，找到帮助大家的人。
者	zhě	指做某件事的人。	作者,读者	写这本故事书的人是作者。	亲子阅读	✍️	match	找到写故事书的作者。
意	yì	想法、意思，或心里关注的事情。	意思,注意	我注意到树上有一只小鸟。	感受和表达	🐦	reveal	看看树枝，注意藏着的小鸟。
无	wú	没有，不存在。	无声,无法	小猫无声地走过来。	生活表达	🐱	reveal	点一下小猫，看它安静无声地走过来。
力	lì	让东西移动或改变形状的力量，也表示本领。	用力,力量	我用力把小车推上坡。	一起动起来	🚗	reveal	轻轻用力，帮小车上坡。
它	tā	用来指动物、物品等事物。	它们,它的	这是一只小猫，它正在睡觉。	我和朋友	🐱	match	找到句子里它指的是谁。
与	yǔ	表示和、跟，也表示参与或给予。	与其,与人为善	我与朋友一起跳舞。	我和朋友	💃	reveal	让两个朋友一起参与跳舞。
把	bǎ	拿住、握住，也可以连接动作和要处理的东西。	把手,把握	我握住杯子的把手。	生活物品	🥤	match	找到杯子上能握住的把手。
机	jī	机器，也表示时机。	机器,飞机	飞机从天空中飞过。	交通工具	✈️	reveal	点一下飞机，让它飞过天空。
民	mín	共同生活在某个地方的人们。	居民,人民	小区居民一起爱护花园。	认识世界	🏘️	match	找到一起照顾花园的居民。
第	dì	放在数字前面，表示顺序。	第一,第二	第一只小鸭走上了小桥。	数一数	🦆	match	找到队伍里的第一只小鸭。
公	gōng	属于大家或供大家使用的。	公园,公共	公园是大家一起玩耍的地方。	生活空间	🏞️	reveal	打开公园的小门，看看大家一起玩。
派	pài	安排人去做事情，也可以表示分发。	派送,分派	老师分派了照顾小花的任务。	生活表达	🌸	match	找到被安排去照顾小花的小朋友。
您	nín	称呼别人时使用的敬称，常用来礼貌地称呼长辈。	您好,您早	奶奶，您好，我来陪您看书。	我和朋友	👵	reveal	点一下小朋友，听他向奶奶说您好。
此	cǐ	这个、这里，指刚刚说到的人或事物。	此时,此地	此时，小鸟正在树上唱歌。	生活表达	🐦	match	看看正在唱歌的小鸟，听懂此时就是现在。
已	yǐ	已经，表示事情做过了或发生了。	已经,已知	我已经把玩具收好了。	时间和生活	🧸	collect	把玩具收进盒子，看看已经完成的事情。
工	gōng	工作、劳动，也指做工作的人员。	工人,手工	我用彩纸做了一件手工作品。	动手创造	✂️	collect	收集彩纸，做一件小手工。
使	shǐ	让事情发生，或把东西拿来做事。	使用,使劲	雨水使小种子慢慢长大。	观察和思考	🌧️	reveal	给种子一点雨水，使它慢慢发芽。
情	qíng	心里的感受，也表示事情的情况。	心情,友情	看见朋友，我的心情很好。	感受和表达	😊	match	找到表示开心心情的小脸。
明	míng	亮，或知道得清楚。	明亮,明白	阳光把房间照得很明亮。	自然天地	☀️	reveal	打开窗帘，让房间变得明亮。
性	xìng	一个人或事物本来具有的特点。	个性,特性	每个人都有自己的个性。	观察和思考	🌈	match	比一比，看看朋友们各自不同的特点。
知	zhī	知道、了解。	知道,知识	我知道小鱼生活在水里。	观察和思考	🐟	match	把小鱼放回水里，看看你知道的知识。
全	quán	所有的，没有少掉或漏掉。	全部,安全	我把全部积木都收进盒子。	数一数	🧩	collect	把全部积木放进盒子，一个也不漏掉。
又	yòu	再一次，或者还有另一个情况。	又来,又是	小兔跳了一次，又跳了一次。	时间和生活	🐰	reveal	点一下小兔，让它再跳一次。
关	guān	把打开的东西合上，也表示关心或关系。	关门,关心	我轻轻关上小门。	生活物品	🚪	reveal	把打开的小门轻轻关好。
点	diǎn	很小的记号，也表示用手轻轻碰一下。	点心,雨点	小雨点落在叶子上。	自然天地	💧	collect	找到叶子上的小雨点。
正	zhèng	端正、正确，或正在某个时候。	正方,正确	我把画框摆正了。	比较和方位	🖼️	reveal	转一转倾斜的画框，把它摆正。
业	yè	从事的工作、活动或学习任务。	职业,农业	种植粮食是农业中的一项工作。	认识世界	🌾	collect	收集成熟的稻穗，认识农业劳动。
外	wài	里面以外的地方。	外面,户外	小狗在屋子外面玩。	比较和方位	🐶	match	找到屋子外面的小狗。
将	jiāng	快要发生，或表示未来。	将来,即将	小花即将开放了。	时间和生活	🌷	reveal	看看花苞，等它将要开放的样子。
两	liǎng	表示两个的数量。	两个,两边	两只小鸭一起游过小河。	数一数	🦆	collect	找到一起游泳的两只小鸭。
高	gāo	从下面到上面的距离大。	高山,高低	高高的树上有一个鸟窝。	比较和方位	🌳	match	比一比，找到比较高的树。
由	yóu	表示事情从哪里来，或由谁来做。	由于,自由	今天由我给小花浇水。	生活表达	🌸	reveal	点一下小朋友，让今天的浇水由他来做。
问	wèn	向别人说出想知道的事情。	问好,提问	我问妈妈，小鸟住在哪里？	生活表达	💬	reveal	点一下小朋友，听听他的问题。
很	hěn	表示程度比较高。	很好,很大	这个苹果很大。	比较和方位	🍎	match	比一比，找到很大的苹果。
最	zuì	表示在比较中程度达到最高。	最好,最高	三棵树中，这棵树最高。	比较和方位	🌲	match	在三棵树中找到最高的一棵。
并	bìng	靠在一起，或把前后的事情连接起来。	并排,合并	两个朋友并排坐在长椅上。	比较和方位	🪑	match	找到并排坐着的两个朋友。
物	wù	东西，也指动物和植物等事物。	物品,动物	我把自己的物品放整齐。	生活物品	🧸	collect	把小物品收进合适的盒子。
应	yīng	应该，表示适合这样做或需要这样做。	应该,应当	吃饭前，我应该先洗手。	生活表达	🧼	match	找到吃饭前应该做的洗手活动。
战	zhàn	争斗，也可以表示努力应对困难。	挑战,战胜	我战胜了怕黑的心情，安心地睡觉。	感受和表达	🌙	reveal	点亮小夜灯，陪小朋友面对心里的挑战。
向	xiàng	朝着某一个方向。	方向,向前	小鸭向前走过了小桥。	比较和方位	➡️	reveal	让小鸭向前走过小桥。
文	wén	文字、文章，也表示文化。	文字,作文	书里有好看的文字和图画。	亲子阅读	📖	reveal	翻开图画书，看看文字和图画。
体	tǐ	身体，也表示事物的整体或形态。	身体,体育	体育游戏让我们的身体更灵活。	我的身体	🤸	reveal	和小朋友一起伸展身体。
政	zhèng	管理大家共同事务的工作。	政府,行政	政府建设了供大家休息的小公园。	认识世界	🏞️	match	和家长一起看看公共公园，认识政府这个词。
美	měi	好看，或让人感到喜欢和愉快。	美丽,美好	花园里的小花很美丽。	感受和表达	🌸	match	找到让小朋友觉得美丽的小花。
相	xiāng	表示彼此之间，或两样东西进行比较。	互相,相同	我和朋友互相帮助。	我和朋友	🤝	reveal	让两个朋友互相递一块积木。
见	jiàn	看见，或与别人碰面。	看见,见面	我看见树下有一只小猫。	观察和思考	🐱	reveal	拨开草丛，看见树下的小猫。
被	bèi	睡觉时盖在身上保暖的东西；也用来说明承受某个动作。	被子,棉被	睡觉时，我盖好软软的被子。	生活物品	🛏️	reveal	给睡觉的小熊盖好被子。
利	lì	有好处、方便，也表示刀刃等很锐利。	便利,锋利	锋利的剪刀要请大人帮助使用。	生活物品	✂️	match	和家长一起找到需要小心使用的锋利工具。
什	shén	放在什么这个提问词里，用来询问事物。	什么,为什么	这是什么水果呀？	生活表达	🍎	match	听一听什么，找到用来提问的字。
等	děng	停下来盼着事情发生，也表示相同。	等待,等候	我安静地等待轮到自己玩滑梯。	我和朋友	🛝	reveal	陪小朋友排队，等待轮到自己。
产	chǎn	生出来，或制作出来。	生产,产品	母鸡产下了一个鸡蛋。	生命和自然	🥚	reveal	看看鸡窝里母鸡产下的鸡蛋。
或	huò	表示两种事情中可以选择一种。	或者,或许	点心可以选苹果或者香蕉。	生活表达	🍌	match	在苹果或者香蕉中选一种点心。
新	xīn	刚出现、刚做成或刚得到的。	新年,新鲜	树上长出了新的叶子。	生命和自然	🍃	reveal	让树枝长出一片新叶子。
己	jǐ	指自己。	自己,知己	我自己把小鞋穿好了。	生活表达	👟	reveal	陪小朋友自己穿好小鞋。
制	zhì	做成，也表示规定或控制。	制作,控制	我制作了一个纸风车。	动手创造	🎡	collect	收集彩纸，制作一个小风车。
加	jiā	让数量变多，或把东西放到一起。	增加,加法	我给篮子再加一个苹果。	数一数	🍎	collect	给篮子加一个苹果，看看数量变多。
西	xī	太阳落下去的方向，与东相对。	西边,东西	傍晚，太阳从西边落下。	自然天地	🌇	reveal	看一看西边慢慢落下的太阳。
斯	sī	古文里表示这、这个，也见于斯文等词。	斯文,如斯	小熊说话很斯文，轻轻地向朋友问好。	亲子阅读	🙇	match	听听轻声问好的小熊，认识斯文这个词。
话	huà	说出来的声音和表达的意思。	说话,对话	我轻轻说话，不打扰睡觉的小猫。	生活表达	💬	reveal	点一下小朋友，听听轻轻说出的话。
合	hé	把分开的东西放在一起，也表示相配。	合上,合作	我把打开的书合上了。	生活物品	📖	reveal	轻轻把打开的图画书合上。
回	huí	返回原来的地方，也表示回答。	回家,回来	小鸟飞回了鸟窝。	一起动起来	🐦	reveal	帮小鸟飞回自己的鸟窝。
特	tè	与平常不一样，具有自己的特点。	特别,特殊	这朵花有特别的香味。	观察和思考	🌸	match	比一比，找到香味特别的小花。
代	dài	替别人做，或表示一个时期。	代替,年代	今天爸爸代替妈妈来接我。	我的家人	👨	match	找到今天代替妈妈来接孩子的爸爸。
内	nèi	里面，或在某个范围之中。	内部,室内	下雨时，我们在室内做游戏。	生活空间	🏠	reveal	打开小屋，看看室内的游戏。
信	xìn	写着消息、可以寄给别人的文字，也表示相信。	书信,信封	我和爸爸给奶奶写了一封信。	生活表达	✉️	collect	把给奶奶的信放进信封。
表	biǎo	计时用的工具，也表示表达或把内容列出来。	手表,钟表	爸爸看了看手表上的时间。	时间和生活	⌚	reveal	点一下手表，看看上面的时间。
化	huà	变成另一种样子。	变化,融化	暖和以后，冰慢慢融化成水。	自然天地	🧊	reveal	给画里的冰一点温暖，看它融化。
老	lǎo	年纪大，或经历的时间较长。	老人,老树	院子里的老树长了很多年。	生命和自然	🌳	match	找到长了很多年的老树。
给	gěi	把东西交到别人手里，或让别人得到。	送给,给你	我把一个苹果给了朋友。	我和朋友	🍎	reveal	把苹果递给身边的小伙伴。
世	shì	世界、一个时代，或一代人的时间。	世界,世代	世界上有许多不同的动物。	认识世界	🌍	match	找到生活在世界各地的动物朋友。
位	wèi	所在的地方，也用来礼貌地数人。	位置,座位	我把小椅子放回原来的位置。	生活物品	🪑	reveal	把小椅子放回它的位置。
次	cì	表示发生了多少回，也表示前后的顺序。	一次,次序	我跳了一次，朋友也跳了一次。	数一数	🤸	reveal	点一下小朋友，让他跳一次。
度	dù	表示温度等量的大小，也指某种程度。	温度,度数	洗手时，大人帮我看看水的温度。	观察和思考	🌡️	match	找到用来了解温度的小工具。
任	rèn	负责某件事，或指需要完成的任务。	任务,责任	给小花浇水是我今天的任务。	生活表达	🌸	reveal	完成今天照顾小花的任务。
常	cháng	经常如此，或平常、普通。	经常,平常	我经常帮忙整理玩具。	生活表达	🧸	collect	整理玩具，认识经常做的事情。
先	xiān	位置或时间在前面。	先后,首先	吃水果前，我先把小手洗干净。	时间和生活	🧼	match	找到吃水果前先做的事。
海	hǎi	连接大洋的大片咸水区域。	大海,海边	小船在大海上慢慢前进。	自然天地	🌊	reveal	点一下小船，让它在大海上前进。
通	tōng	能够通过，或彼此连接。	通过,交通	小桥通向小河的另一边。	生活空间	🌉	reveal	沿着小桥通过小河。
教	jiāo	把知识或本领告诉别人，帮助别人学会。	教书,教给	妈妈教我认识小花。	我和朋友	🌸	reveal	听妈妈教小朋友认识小花。
儿	ér	孩子，也表示年轻的人或动物。	儿童,儿子	儿童们在花园里做游戏。	我和朋友	🧒	match	找到在花园里游戏的儿童。
原	yuán	宽阔平坦的土地，也表示最开始的样子。	草原,原来	小马在宽阔的草原上奔跑。	自然天地	🌾	reveal	让小马在草原上跑一跑。
东	dōng	太阳升起的方向，与西相对。	东边,东方	早上，太阳从东边升起。	自然天地	🌅	reveal	看看从东边慢慢升起的太阳。
声	shēng	能用耳朵听到的声音。	声音,歌声	我听见了小鸟的歌声。	生活表达	🎶	reveal	点一下小鸟，听听它的歌声。
提	tí	把东西向上拿起，也表示提出想法。	提起,提问	我提起小水壶给花浇水。	一起动起来	🫖	reveal	提起小水壶，给小花一点水。
立	lì	站着，或让东西竖起来。	站立,立正	我稳稳地站立在草地上。	我的身体	🧍	reveal	让小朋友稳稳地站立起来。
及	jí	达到，或表示前后两样事物都有。	及时,以及	我及时把水杯扶稳了。	生活表达	🥤	reveal	及时扶好快要倒下的小水杯。
比	bǐ	把两样事物放在一起，看看有什么相同或不同。	比较,比一比	我比较了两根绳子的长短。	比较和方位	📏	match	比一比两根绳子，找到长的一根。
员	yuán	参加某个活动或从事某项工作的人。	队员,服务员	队员们一起把积木搭成小桥。	我和朋友	🤝	match	找到一起合作的小队员。
解	jiě	把系住的东西打开，也表示讲清楚或弄明白。	解开,解释	爸爸帮我解开了鞋带。	生活物品	👟	reveal	解开画里的鞋带，看看结松开。
名	míng	用来称呼人或事物的名字。	名字,姓名	我告诉朋友我的名字。	我和朋友	🪪	match	找到写着小朋友名字的卡片。
真	zhēn	真实的，或表示十分、确实。	真实,认真	我认真地听妈妈讲故事。	亲子阅读	📖	match	找到正在认真听故事的小朋友。
论	lùn	把自己的想法说出来，一起研究或商量。	讨论,论证	我和朋友讨论小花为什么有香味。	观察和思考	💬	reveal	听听两个朋友讨论小花的香味。
处	chǔ	处理事情，也表示人与人相处。	处理,相处	我和朋友友好相处，轮流玩滑梯。	我和朋友	🛝	match	找到友好相处、轮流玩的小伙伴。
义	yì	意思、含义，也表示合宜的道理或行为。	意义,字义	这幅画很有意义，画着家人的快乐时光。	感受和表达	🖼️	reveal	打开小画册，看看有意义的家庭图画。
各	gè	每一个，分别指不同的人或事物。	各自,各位	小朋友各自把水杯放好。	生活表达	🥤	collect	把各自的小水杯放回原位。
入	rù	从外面到里面。	进入,入口	小鸟从入口进入了鸟窝。	一起动起来	🐦	reveal	帮小鸟从入口进入鸟窝。
几	jǐ	询问数量，或表示不确定的少量。	几个,几天	树上有几只小鸟呢？	数一数	🐦	collect	找一找，树上有几只小鸟。
认	rèn	知道是什么人或事物，也表示接受一个事实。	认识,认出	我认出了画里的小兔。	观察和思考	🐰	match	在动物卡片里认出小兔。
条	tiáo	细长的形状，也用来数鱼、绳子等东西。	一条,面条	一条小鱼在水里游。	数一数	🐟	collect	找到一条在水里游的小鱼。
平	píng	没有明显高低变化，或保持稳当。	平地,平稳	小车在平地上平稳地前进。	比较和方位	🚗	reveal	让小车在平平的路面上前进。
系	xì	互相联系，也指连接成整体的部分。	关系,系统	我和朋友的关系很好。	我和朋友	🤝	match	找到关系友好、互相帮助的小伙伴。
气	qì	可以流动、常常看不见的气体，如空气。	空气,天气	气球里装着空气。	自然天地	🎈	reveal	给画里的气球充一点气，看它鼓起来。
题	tí	需要思考或回答的问题，也表示题目。	问题,题目	我和妈妈一起想这个问题。	观察和思考	❓	match	看看小朋友提出的问题，找一找答案。
活	huó	有生命，能活动，也表示灵活、生动。	生活,活泼	活泼的小鱼摆动着尾巴。	生命和自然	🐟	reveal	点一下小鱼，看它活泼地游起来。
尔	ěr	古文里表示你，也见于偶尔、尔后等词。	偶尔,尔后	我偶尔会和爷爷一起看云。	亲子阅读	☁️	reveal	看看云朵，认识表示有时如此的偶尔。
更	gèng	比原来又多一点，或程度又深一点。	更加,更大	浇过水以后，小花更加精神了。	比较和方位	🌸	reveal	给小花一点水，看看它更加精神的样子。
别	bié	分开，离开，也表示两样东西不同。	分别,区别	我发现了两片叶子的区别。	比较和方位	🍃	match	比一比，找到两片叶子不同的地方。
打	dǎ	用手等碰击，也可以表示进行某种活动。	打球,拍打	我轻轻拍打皮球。	一起动起来	🏀	reveal	点一下皮球，轻轻拍打它。
女	nǚ	女性，也表示女儿。	女孩,女儿	女孩和朋友一起搭积木。	我和朋友	👧	match	找到正在搭积木的小女孩。
变	biàn	和原来的样子不同了。	变化,变成	小种子慢慢变成了小树。	生命和自然	🌳	reveal	给种子一点水，看它慢慢变化。
神	shén	故事中的神灵，也表示精神、心思或生动的样子。	神话,精神	神话里的小鸟会发出美丽的光。	故事与想象	✨	reveal	打开神话故事，看看会发光的小鸟。
总	zǒng	把所有的合在一起，也表示经常如此。	总共,总数	篮子里总共有三个苹果。	数一数	🍎	collect	把苹果收齐，看看总共有多少个。
何	hé	什么、为什么或怎样，用来提出问题。	为何,如何	我想知道小花为何会有香味。	观察和思考	❓	match	听听小朋友关于花香的疑问。
电	diàn	能让灯亮起、让一些机器工作的能量。	电灯,电车	有了电，台灯就能亮起来。	生活物品	💡	reveal	点一下画里的开关，让电灯亮起来。
数	shù	数量、数字，表示有多少。	数字,数量	我认识数字一、二、三。	数一数	🔢	match	找到写着数字的小卡片。
安	ān	安全、平稳，或心里不担忧。	安全,安心	妈妈陪着我，我安心地睡觉。	感受和表达	🛏️	reveal	点亮小夜灯，让小朋友安心休息。
报	bào	把消息告诉别人，也指刊登消息的报纸。	报纸,报告	报纸上有文字和图片。	亲子阅读	📰	reveal	打开报纸，看看文字和图片。
才	cái	本领，也表示刚刚或直到某时才发生。	刚才,才能	刚才，我看见小猫走过小桥。	时间和生活	🐱	match	看看刚才小猫经过的地方。
结	jié	连接在一起，或形成一个结果。	团结,结束	朋友们团结合作，把积木搭好了。	我和朋友	🧩	collect	一起收集积木，团结合作搭小桥。
反	fǎn	和原来的方向或情况相对，也表示翻转。	反面,相反	我翻过卡片，看到了反面的图画。	比较和方位	🃏	reveal	翻过小卡片，看看反面有什么。
受	shòu	接到，或得到某种感受。	感受,接受	我接受了朋友送来的小花。	感受和表达	🌸	reveal	接过朋友的小花，感受他的心意。
太	tài	表示程度很高，或超过原来需要的程度。	太大,太多	这个盒子太小，装不下大皮球。	比较和方位	📦	match	找到装不下皮球、太小的盒子。
量	liàng	表示事物有多少、多大，或能够容纳多少。	数量,力量	这个篮子里的苹果数量比较多。	数一数	🍎	match	比一比，找到苹果数量多的篮子。
再	zài	表示又一次，或接下来继续做。	再次,再来	喝完水，我再玩一会儿。	时间和生活	🥤	reveal	先喝一点水，再继续游戏。
感	gǎn	心里或身体得到的感受，也表示感谢。	感觉,感谢	我感谢朋友帮我找到了水杯。	感受和表达	🤝	reveal	点一下小朋友，听他表达感谢。
建	jiàn	把东西搭起来，或让新的事物形成。	建设,建造	我用积木建造了一座小屋。	动手创造	🏠	collect	收集积木，建造一座小屋。
务	wù	需要做的事情或工作。	家务,服务	我做简单的家务，把小桌子擦干净。	生活表达	🧹	reveal	帮助做简单家务，把小桌子擦干净。
做	zuò	进行某件事，或把东西制作出来。	做饭,做事	我用彩纸做了一只小船。	动手创造	⛵	collect	收集彩纸，做一只小船。
接	jiē	把别人递来的东西拿住，也表示连在一起。	接住,连接	我用双手接住朋友传来的球。	一起动起来	⚽	reveal	把球轻轻传过来，双手接住它。
必	bì	一定要，或不可缺少。	必需,必要	种子要长大，水分是必需的。	生命和自然	💧	collect	给种子送来生长必需的水。
件	jiàn	数衣服、东西或事情时使用的量词。	一件,物件	我穿上一件暖暖的外衣。	数一数	🧥	match	找到一件暖暖的外衣。
计	jì	计算、安排，或想出办法。	计算,计划	我和妈妈计算篮子里有几个苹果。	数一数	🍎	collect	把苹果收齐，一起计算数量。
管	guǎn	中间空着的细长工具，也表示管理、照顾。	水管,吸管	我用水管给花园浇水。	生活物品	🚰	reveal	让水沿着水管流到小花旁边。
期	qī	一段时间，或事先约定的日子。	星期,日期	这个星期，我们约好一起去公园。	时间和生活	🗓️	match	看看日历里的一个星期。
市	shì	买卖东西的地方，也表示人们集中居住的城市。	市场,城市	我和妈妈到市场买水果。	生活空间	🧺	collect	在小市场里收集要买的水果。
直	zhí	没有弯曲，或者没有拐弯。	直线,笔直	这条小路笔直地通向花园。	比较和方位	📏	match	比一比，找到没有拐弯的直线。
德	dé	好的品行，愿意关心、帮助和尊重别人。	美德,品德	乐于帮助别人是一种美德。	我和朋友	🤝	match	找到愿意帮助朋友的小伙伴。
资	zī	可以使用的资源、材料或资料，也表示钱财。	资源,资料	水是宝贵的资源。	认识世界	💧	collect	收集水滴，认识宝贵的水资源。
命	mìng	生命，也表示给名称或发出要求。	生命,命名	小花也有生命，需要水和阳光。	生命和自然	🌸	reveal	给小花水和阳光，看看有生命的小花。
金	jīn	一种黄色、会发亮的金属，也表示金属或金色。	金色,黄金	秋天的叶子闪着金色的光。	颜色和植物	🍂	match	找到金色的小叶子。
指	zhǐ	手指，也表示用手让人看某个方向。	手指,指向	我用手指向天空中的白云。	我的身体	☝️	reveal	指一指天空中的白云。
克	kè	战胜困难，也是一种重量单位。	克服,千克	我克服困难，把小鞋穿好了。	感受和表达	👟	match	找到努力克服困难、穿好鞋的小朋友。
许	xǔ	同意、允许，也表示数量不确定。	允许,许多	妈妈允许我在草地上玩。	生活表达	🌱	reveal	看看获得允许后在草地上游戏的小朋友。
统	tǒng	把分散的事物合在一起，或统一管理、计算。	统计,统一	我们统计了篮子里的水果。	数一数	🧺	collect	把水果收齐，一起统计有多少个。
区	qū	划分出来的地方或范围。	小区,区域	小区里有一片绿绿的草地。	生活空间	🏘️	reveal	打开小区地图，看看绿绿的草地。
保	bǎo	保护、照顾，或让事物保持原来的样子。	保护,保持	我爱护小花，保护它们的叶子。	生命和自然	🌱	match	找到正在保护小花的小朋友。
至	zhì	到、达到，也表示某种程度的尽头。	至少,至今	盒子里至少有三个小球。	数一数	⚽	match	找到装着至少三个小球的盒子。
队	duì	排在一起的人或动物，也指一起活动的伙伴。	队伍,排队	小鸭排成一队，慢慢走过小桥。	我和朋友	🦆	reveal	让小鸭排成一队走过小桥。
形	xíng	事物外面的样子、轮廓。	形状,圆形	这块积木的形状是圆形。	形状和空间	🟠	match	找到圆形的积木。
社	shè	共同生活或共同活动的人们组成的群体。	社区,社会	社区里有大家一起使用的小花园。	认识世界	🏘️	reveal	看看社区里大家一起照顾的小花园。
便	biàn	方便，做事容易，也表示顺着机会做某事。	方便,便利	小椅子让我坐下画画很方便。	生活物品	🪑	match	找到能让画画更方便的小椅子。
空	kōng	没有装东西，也表示天空或中间留出的地方。	天空,空心	这个盒子是空的，里面没有玩具。	比较和方位	📦	reveal	打开空盒子，看看里面没有东西。
决	jué	决定、作出选择，或把问题解决。	决定,解决	我决定先画画，再整理玩具。	观察和思考	🎨	match	听听小朋友关于活动顺序的决定。
治	zhì	治疗，让生病的人好起来，也表示管理。	治疗,治理	医生为生病的人治疗。	健康和科学	🩺	match	找到帮助大家治疗的医生。
展	zhǎn	把折起来的东西打开，也表示展示。	展开,展览	我展开画纸，准备画一朵花。	动手创造	🖼️	reveal	展开画纸，看看可以画画的地方。
科	kē	一个专门的知识领域，也表示分类的一类。	科学,学科	科学课里，我们观察种子怎样发芽。	健康和科学	🔎	reveal	观察小种子，发现科学里的有趣变化。
司	sī	负责某项工作，常见于司机、公司等词。	司机,公司	公交车司机平稳地开着车。	交通工具	🚌	match	找到负责开公交车的司机。
基	jī	在下面支撑东西的部分，也表示事情的基础。	基础,基地	我用大积木搭好小屋的基础。	动手创造	🧱	collect	把大积木放在下面，搭好小屋的基础。
眼	yǎn	用来看的眼睛。	眼睛,眼前	我用眼睛看美丽的图画。	我的身体	👀	reveal	打开小画册，让眼睛看看图画。
非	fēi	不、不是，也见于非常等词。	非常,是非	小朋友非常喜欢画画。	感受和表达	🎨	match	找到非常喜欢画画的小朋友。
则	zé	做事遵照的规范，也可以用来连接条件和结果。	规则,准则	游戏开始前，我们先听清规则。	我和朋友	📋	match	听一听轮流玩游戏的规则。
却	què	后退，也表示后面的情况与前面的想法不同。	退却,推却	我想玩球，却把球忘在家里了。	生活表达	⚽	match	听听想玩球却忘了球的小故事。
界	jiè	两个地方或范围分开的边线，也表示某种范围。	世界,边界	小河是两个花园的边界。	形状和空间	🗺️	match	找到把两个花园分开的小河边界。
达	dá	到达某个地方或达到某种程度。	到达,表达	我们走过小桥，到达了花园。	一起动起来	🌉	reveal	沿着小路前进，到达花园。
光	guāng	让我们能够看见东西的光亮。	阳光,光线	阳光照进了窗户。	自然天地	☀️	reveal	打开窗帘，让阳光照进来。
放	fàng	把东西安置在某个地方，也表示放开。	放下,放好	我把水杯放在小桌子上。	生活物品	🥤	reveal	把小水杯轻轻放在桌上。
强	qiáng	力量大，或身体、能力比较健壮。	强壮,强大	我经常锻炼，身体慢慢变得强壮。	我的身体	💪	reveal	和小朋友一起伸展手臂，感受身体的力量。
即	jí	马上、就是，也表示紧接着。	立即,即将	看见水杯快倒了，我立即扶好它。	时间和生活	🥤	reveal	看到画里的水杯快倒了，立即扶稳。
像	xiàng	看起来相似，也表示画出或做出的形象。	好像,画像	白云像一只小兔。	故事与想象	☁️	reveal	看看白云，想一想它像什么。
难	nán	不好做到，需要多花一些力气或时间。	困难,难题	这个拼图有点难，我请爸爸帮忙。	观察和思考	🧩	match	遇到困难时，找到愿意帮助自己的大人。
且	qiě	把前后的意思连接起来，也表示暂时如此。	而且,暂且	小花红红的，而且还有香味。	生活表达	🌸	match	看看又红又香的小花，听懂而且。
权	quán	能够参与、选择或决定某件事的资格和能力。	权利,权力	我和朋友都有参与游戏的权利。	我和朋友	🤝	match	找到每个朋友都能参与的游戏。
思	sī	在心里想，思考或想念。	思考,思想	我思考怎样把积木搭得更稳。	观察和思考	💭	match	想一想，找到能让积木小屋更稳的办法。
王	wáng	古代国家的统治者，也用来表示某方面最突出的。	国王,王子	故事里的国王邀请大家参加音乐会。	故事与想象	👑	reveal	打开故事书，看看戴着王冠的国王。
象	xiàng	一种有长鼻子和大耳朵的动物，也表示事物的样子。	大象,形象	大象用鼻子把水果卷起来。	动物朋友	🐘	reveal	给大象送来水果，看它用鼻子卷起来。
完	wán	事情做结束了，或东西齐全没有缺少。	完成,完整	我把所有积木收完了。	生活表达	🧩	collect	把积木全部收好，完成整理。
设	shè	事先安排、设计或建立。	设计,设置	我设计了一座有花园的小屋。	动手创造	🏠	collect	收集小花，装饰自己设计的小屋。
式	shì	事物的样式，或做事的方式。	样式,方式	这两顶帽子的样式不一样。	比较和方位	👒	match	比一比，找到样式不同的帽子。
色	sè	颜色，事物让我们看见的色彩。	颜色,色彩	我用不同颜色的画笔画彩虹。	颜色和植物	🌈	collect	收集不同颜色的画笔，画一道彩虹。
路	lù	可以走或让车辆通行的地方，也表示方向和办法。	道路,小路	我们沿着小路走进花园。	生活空间	🛣️	reveal	沿着小路走进花园。
记	jì	把事情写下、画下，或放在心里不忘掉。	记住,日记	我用图画记下今天看到的小鸟。	动手创造	📓	reveal	打开小画册，用图画记下看到的小鸟。
南	nán	与北相对的方向。	南方,南边	冬天，有些候鸟飞向南方。	自然天地	🧭	match	看看地图，找到北方对面的南方。
住	zhù	在一个地方生活，也表示停下来。	居住,住家	我和家人住在温暖的小屋里。	生活空间	🏡	reveal	打开小屋，看看住在一起的家人。
告	gào	把消息或想法告诉别人。	告诉,告别	我告诉妈妈，水杯放在桌上。	生活表达	💬	reveal	点一下小朋友，听他告诉妈妈水杯在哪里。
类	lèi	把具有相同特点的事物放成一组。	分类,种类	我把不同种类的积木放进不同盒子。	观察和思考	🧩	collect	给积木分类，把同类放到一起。
求	qiú	希望得到某件事物，或向别人请求帮助。	请求,求助	我向妈妈求助，请她帮忙系鞋带。	生活表达	👟	match	遇到系鞋带的困难，找到可以求助的大人。
据	jù	用来说明或判断事情的依据。	根据,依据	我根据地上的脚印，找到了小猫。	观察和思考	🐾	collect	根据地上的脚印，寻找小猫。
程	chéng	事情一步步进行的过程，也表示走过的路程。	过程,路程	我观察了种子发芽的过程。	生命和自然	🌱	reveal	看一看种子一步步发芽的过程。
北	běi	与南相对的方向。	北方,北边	地图上标着北方的方向。	自然天地	🧭	match	看看地图，找到南方对面的北方。
边	biān	事物的边缘或旁边。	旁边,边缘	小猫坐在椅子旁边。	比较和方位	🐱	match	找到椅子旁边的小猫。
张	zhāng	打开、展开，也用来数纸、桌子等东西。	张开,一张	小鸟张开翅膀飞起来。	一起动起来	🐦	reveal	让小鸟张开翅膀飞起来。
该	gāi	应该，或表示已经轮到某人。	应该,该你	轮到我时，该我滑滑梯了。	我和朋友	🛝	match	排好队，找到该轮到玩滑梯的小朋友。
交	jiāo	把东西递给别人，也表示互相来往或连接。	交给,交换	我把画好的卡片交给妈妈。	我和朋友	💌	reveal	把画好的小卡片交给妈妈。
规	guī	规定做事应该遵照的要求。	规则,规定	我们遵守排队的规则，轮流玩。	我和朋友	📋	match	找到遵守轮流游戏规则的小朋友。
万	wàn	十个一千合起来的数量，就是一万。	一万,万千	夜空里有成千上万颗星星。	数一数	✨	reveal	看看好多好多的星星，听听成千上万这个词。
取	qǔ	拿出、拿到，或把想要的东西拿过来。	取出,取回	我从盒子里取出一个小球。	生活物品	⚽	reveal	打开小盒子，从里面取出小球。
拉	lā	使东西朝自己这边移动，也表示牵着。	拉开,拉手	我轻轻拉开窗帘。	一起动起来	🪟	reveal	拉开小窗帘，让阳光进来。
格	gé	划分出来的小方块，也表示格式或标准。	方格,格子	我把小动物玩具放进不同的格子。	形状和空间	⬜	collect	把小动物玩具放进各自的小格子。
望	wàng	向远处看，也表示希望和盼望。	希望,远望	我望着远处的高山。	观察和思考	⛰️	reveal	拨开远处的云，望一望高山。
觉	jué	感受到，或发现、明白。	感觉,察觉	我感觉小手暖暖的。	我的身体	👐	match	看看小朋友的小手，听听温暖的感觉。
术	shù	做某种事情的方法、本领或技能。	美术,技术	我在美术课上画了一只小猫。	动手创造	🎨	reveal	打开美术画册，看看画里的小猫。
领	lǐng	带着别人前进，也指衣服围着脖子的部分。	领路,衣领	爸爸领着我沿小路去公园。	一起动起来	🚶	reveal	跟着领路的爸爸，沿小路去公园。
共	gòng	一起做，或大家都有的。	共同,一共	我和朋友共同搭了一座小桥。	我和朋友	🤝	collect	和朋友共同收集积木，搭一座小桥。
师	shī	教知识或本领的人，也指掌握专门技能的人。	老师,教师	老师给我们讲小兔的故事。	我和朋友	🧑‍🏫	reveal	点一下老师，听小兔的故事。
观	guān	看，仔细观察。	观察,观看	我观察叶子上的小虫。	观察和思考	🔎	reveal	翻开叶子，仔细观察小虫。
清	qīng	干净、纯净，也表示看得或知道得明白。	清水,清楚	妈妈给我准备清水，我把小手洗干净。	生活表达	💧	collect	收集清水，帮小朋友把手洗干净。
今	jīn	现在，或正在这一段时间。	今天,今年	今天，我和家人一起看图画书。	时间和生活	📖	reveal	打开今天要看的图画书。
切	qiē	用刀等工具把东西分成小块或分开。	切开,切片	妈妈把西瓜切成小块。	好好吃饭	🍉	reveal	看看妈妈把画里的西瓜切开。
院	yuàn	房屋旁由墙或围栏围出的空地，也用于医院等名称。	院子,医院	我在院子里给小花浇水。	生活空间	🏡	reveal	打开小院的门，看看里面的小花。
让	ràng	把地方或东西分给别人，也可以表示允许。	让路,让开	我让出一点地方，给朋友放小椅子。	我和朋友	🪑	reveal	让出一点地方，给朋友摆好椅子。
识	shí	知道是什么，或能够认出来。	识字,识别	我和家人玩识字游戏。	亲子阅读	🔤	match	看看字卡，和家人一起玩识字游戏。
候	hòu	等待，也表示某个时间或季节。	等候,候鸟	我安静地等候朋友到来。	时间和生活	🧒	reveal	陪小朋友等候要来的好朋友。
带	dài	拿着东西一起走，也指长条形的带子。	带上,带子	下雨了，我带上小雨伞。	生活物品	☔	collect	带上小雨伞，准备出门。
导	dǎo	带着别人走，或帮助别人知道该怎样做。	向导,引导	向导带着大家沿小路到达花园。	生活空间	🧭	reveal	跟着向导，沿小路到达花园。
争	zhēng	努力得到，或因想法不同而争论。	争取,争抢	我不争抢玩具，愿意轮流玩。	我和朋友	🧸	match	找到不争抢、愿意轮流玩的小伙伴。
运	yùn	让身体活动，或把东西搬送到别处。	运动,运送	我在草地上运动，伸伸手、踢踢腿。	一起动起来	🤸	reveal	和小朋友一起做轻松的运动。
飞	fēi	在空中移动。	飞行,飞起	小鸟拍动翅膀飞起来。	动物朋友	🐦	reveal	点一下小鸟，让它拍动翅膀飞起来。
步	bù	走路时脚向前移动一次，也表示做事的一个阶段。	脚步,一步	我一步一步走过小桥。	一起动起来	👣	reveal	沿着脚印，一步一步走过小桥。
改	gǎi	让原来的样子不同，或把错误修正。	改变,改正	我移动积木，改变了小屋的样子。	动手创造	🧩	reveal	移动一块积木，改变小屋的样子。
收	shōu	把东西拿回来、放好，也表示收到。	收拾,收回	我把地上的积木收进盒子。	生活物品	📦	collect	把积木收回小盒子。
根	gēn	植物通常扎在土里、吸收水和养分的部分，也表示基础。	树根,根本	小树的根在泥土里吸收水分。	生命和自然	🌱	reveal	看看泥土下面吸收水分的树根。
干	gàn	做事情、干活，也表示树木等事物的主体。	干活,树干	我帮忙干活，把玩具收好了。	生活表达	🧸	collect	一起动手干活，把玩具收整齐。
造	zào	做出新的东西，制造或创造。	制造,创造	工人制造了漂亮的小木椅。	动手创造	🪑	collect	收集画里的木块，制造一把小椅子。
言	yán	说出来的话，或表达想法的语言。	语言,发言	我们用语言表达自己的想法。	生活表达	💬	reveal	听听小朋友用语言说出自己的想法。
持	chí	拿住，也表示继续保留某种样子。	保持,坚持	我保持桌面干净，把画笔放回笔筒。	生活物品	🖍️	collect	收好画笔，保持桌面干净。
组	zǔ	把几个人或东西合在一起成为一组。	小组,组合	我们组成小组，一起搭积木。	我和朋友	🧩	collect	组成合作小组，一起收集积木。
每	měi	一个一个都算进去，没有漏掉。	每个,每天	每个小朋友都有一个小水杯。	我和朋友	🥤	match	让每个小朋友都找到自己的水杯。
济	jì	帮助遇到困难的人，也见于经济等词。	救济,经济	大家把食物送给需要救济的人。	认识世界	🧺	collect	把食物装进篮子，帮助遇到困难的人。
亲	qīn	家人或关系亲近的人，也表示亲自做。	亲人,亲近	妈妈是我亲近的家人。	我的家人	👩	match	找到和小朋友亲近的家人。
极	jí	程度达到很高，也表示最远或最终的地方。	极大,极其	小兔跑得快极了。	动物朋友	🐰	reveal	点一下跑得快极了的小兔。
林	lín	许多树长在一起的地方。	树林,森林	森林里有许多高高的树。	自然天地	🌲	collect	找到一棵棵树，看看组成的树林。
服	fú	穿在身上的衣服，也表示接受、适应。	服装,服饰	商店里有不同颜色的服装。	生活物品	👕	match	找到商店里不同颜色的服装。
快	kuài	动作或速度高，也表示愉快。	快慢,快乐	小马跑得很快。	比较和方位	🐴	reveal	点一下小马，看它快快地跑起来。
办	bàn	做事情、处理事情，也见于办法这个词。	办法,办理	我们想办法，把积木小桥搭稳了。	观察和思考	🧩	match	找一找，把积木小桥搭稳的办法。
议	yì	把想法说出来，一起商量。	商议,会议	我和朋友商议先玩什么游戏。	我和朋友	💬	reveal	听两个朋友商议先玩什么。
往	wǎng	向某个方向去，也表示过去。	来往,往前	小车往前开，到了花园门口。	一起动起来	🚗	reveal	让小车往前开到花园门口。
元	yuán	开始、基本，也是一种钱的单位。	元旦,一元	元旦是公历新年的第一天。	时间和生活	🗓️	reveal	翻开日历，看看元旦这一天。
英	yīng	出色、美好，常见于英雄等词。	英雄,英勇	故事里的英雄帮助了遇到困难的人。	故事与想象	🦸	match	在故事里找到帮助大家的英雄。
士	shì	有某种本领或从事某种职业的人。	护士,战士	护士照顾需要帮助的人。	健康和科学	🧑‍⚕️	match	找到帮助照顾大家的护士。
证	zhèng	说明事情真实的依据，也表示证明。	证明,证据	这张照片可以证明我去过花园。	观察和思考	📷	match	看看花园照片，听懂用照片证明经历。
近	jìn	距离短，或离现在不久。	附近,近处	这棵小树离我很近。	比较和方位	🌳	match	比一比，找到离自己近的小树。
失	shī	丢掉、找不到，或没有得到。	丢失,失去	我请大人一起找回丢失的小玩具。	观察和思考	🔎	collect	找一找丢失的小玩具。
转	zhuǎn	换一个方向，或改变原来的样子。	转身,转弯	我转过身，向朋友挥挥手。	一起动起来	🔄	reveal	让小朋友转过身，向朋友挥手。
夫	fū	成年男子，也常用来指丈夫。	农夫,夫人	农夫在田里照顾庄稼。	认识世界	🌾	match	找到在田里照顾庄稼的农夫。
令	lìng	向别人提出要做的要求，也表示使事情发生。	口令,命令	听到集合口令，小朋友走到一起。	我和朋友	📣	reveal	听到集合口令，让小朋友走到一起。
准	zhǔn	预先安排好，也表示准确、符合要求或允许。	准备,准确	我准备好了画笔，开始画画。	生活物品	🖍️	collect	准备好画笔，开始画一朵小花。
布	bù	用线织成的材料，可以做衣服等东西。	布料,布娃娃	我用软布给娃娃做了小被子。	生活物品	🧵	reveal	看看软布做成的小被子。
始	shǐ	开始，最初。	开始,始终	音乐响起，我们开始跳舞。	一起动起来	💃	reveal	点一下小朋友，让他开始跳舞。
怎	zěn	放在怎么、怎样等提问词里，询问方法或情况。	怎么,怎样	小花怎么长高的呀？	生活表达	❓	match	听听小朋友询问小花怎么长高。
呢	ne	放在句尾，常用来继续提问或说明语气。	你呢,我呢	我喜欢小花，你呢？	生活表达	💬	reveal	听两个朋友用你呢继续说话。
存	cún	保留起来，也表示东西还在。	保存,存在	我把小画存放在盒子里。	生活物品	🖼️	collect	把小画存放到干净的盒子里。
未	wèi	还没有，或指还没有到来的时间。	未来,未完成	未来，小树会长得更高。	时间和生活	🌳	reveal	看看小树将来会长成什么样子。
远	yuǎn	距离长，或离现在的时间较久。	远处,远方	我看见远处有一座高山。	比较和方位	⛰️	match	比一比，找到远处的高山。
叫	jiào	用声音喊、呼唤，也表示名称。	叫声,大叫	小猫喵喵叫。	动物朋友	🐱	reveal	点一下小猫，听听它的叫声。
台	tái	比周围高、可以站人或放东西的地方。	舞台,台阶	小朋友站在舞台上唱歌。	生活设施	🎭	reveal	点亮舞台，让小演员站上来。
影	yǐng	光被挡住后，留下的暗暗的形状。	影子,树影	太阳照着我，地上出现了影子。	观察自然	👤	match	找到和小朋友动作一样的影子。
具	jù	做事情时用到的工具或器物。	工具,玩具	爸爸用工具修好了小椅子。	生活物品	🧰	collect	把修椅子要用的工具收进工具箱。
罗	luó	把东西收集起来，或一项项排出来。	罗列,罗盘	我们把出游要带的东西罗列在纸上。	做事有计划	📋	reveal	打开清单，看看罗列了哪些物品。
字	zì	用来记录和表达意思的书写符号。	汉字,写字	我会写自己的名字了。	认识文字	✍️	match	找到和字卡上一样的汉字。
爱	ài	心里喜欢、关心，愿意好好对待。	爱护,可爱	我们爱护小树，不折它的枝条。	关心身边	💗	collect	给小树送水，用行动爱护它。
击	jī	打在物体上，使它受到碰撞。	击球,敲击	我用球拍轻轻击球。	运动游戏	🏓	match	让球拍碰到小球，完成一次击球。
流	liú	水等东西不停地向前移动。	流水,流动	小溪里的水向前流。	观察自然	🌊	reveal	打开小水道，看看水怎样流动。
备	bèi	提前把要用的东西或要做的事安排好。	准备,备用	出门前，我准备好了水杯。	做事有计划	🎒	collect	把出游要准备的物品放进背包。
调	tiáo	改变一下，让事情更合适。	调整,调色	我调整椅子的位置，坐得更舒服。	动手发现	🎨	match	把椅子调整到适合小朋友的位置。
深	shēn	从上面到下面，或从外面到里面的距离大。	深浅,深水	这个水池很深，我们站在岸边看。	比较发现	🌊	match	看看两只透明杯，找到水更深的一杯。
商	shāng	一起说说想法，讨论怎样做。	商量,商议	我和朋友商量，决定一起搭积木。	一起合作	💬	reveal	打开对话气泡，看看大家怎样商量。
算	suàn	用数数等办法找出数量或结果。	计算,算式	我算一算，盘子里有几个苹果。	数一数	🧮	count	数数苹果，算出盘子里一共有几个。
质	zhì	东西本身是什么样、好不好。	质量,质地	这块布的质地很柔软。	比较发现	🧵	match	摸一摸想一想，找到质地柔软的布。
团	tuán	聚在一起的一群人，或圆圆的一块东西。	团结,饭团	我把米饭捏成一个小饭团。	好好吃饭	🍙	collect	把米饭聚在一起，做成圆圆的饭团。
集	jí	把分散的人或东西聚到一起。	集合,收集	老师请大家在树下集合。	一起合作	👫	collect	请小朋友们到树下一起集合。
百	bǎi	十个十合起来的数。	一百,百合	十盒十支蜡笔，一共有一百支。	数一数	💯	count	每盒有十支，数十盒组成一百支。
需	xū	要有某样东西，或要做某件事。	需要,需求	小花需要水，我给它浇一点。	关心身边	💧	collect	把小花需要的水送到花盆里。
价	jià	买东西时要付的钱数。	价格,价钱	妈妈看一看苹果的价格。	生活购物	🏷️	reveal	翻开价签，看看买苹果要付多少钱。
党	dǎng	为共同政治主张组织起来的团体。	政党,党派	爸爸告诉我，政党是一种政治团体。	家长陪读	🏛️	reveal	和家长一起读，认识政党这个词。
华	huá	光彩美丽，也用于中华这个名称。	中华,华丽	我们用汉字记录中华文化里的故事。	文化发现	🏮	reveal	点亮灯笼，读一读中华文化的小故事。
城	chéng	许多人居住，有街道和公共设施的地方。	城市,城镇	我们住的城市里有公园和图书馆。	我的社区	🏙️	reveal	打开城市地图，找到公园和图书馆。
石	shí	硬硬的矿物材料，地上常能见到小块。	石头,石块	我在路边看到一块圆圆的石头。	观察自然	🪨	match	在沙子和石头中，找到硬硬的石头。
级	jí	一层一层的次序，也表示不同的等级。	年级,级别	姐姐上小学一年级。	校园生活	🎒	match	找到写着一年级的教室牌。
整	zhěng	把东西收拾得有次序，不零乱。	整理,整齐	我把散开的积木整理进盒子。	自己来做	🧺	collect	把积木收回盒子，整理得整整齐齐。
府	fǔ	在政府一词中，指管理公共事务的机构。	政府,府城	政府给社区新建了一个公园。	家长陪读	🏛️	reveal	打开社区地图，看看政府建设的公园。
离	lí	从一个地方走开，或表示相隔的距离。	离开,距离	离开教室前，我向老师说再见。	校园生活	👋	match	找到离开教室前向老师告别的小朋友。
亚	yà	在次序上居于第二，也用于亚洲这个名称。	亚洲,亚军	中国在亚洲，我们一起看地图。	世界发现	🌏	reveal	打开世界地图，找到亚洲。
请	qǐng	有礼貌地请求别人做事。	请问,请求	我对妈妈说，请帮我系一下鞋带。	礼貌表达	🙏	match	需要帮助时，找到带有请字的礼貌说法。
技	jì	经过学习和练习获得的本领。	技能,技术	我练习剪纸，学会了一项新技能。	动手发现	✂️	collect	收集剪纸作品，看看学会了哪些技能。
际	jì	两个地方交接的边上，也表示某个时机。	天际,国际	太阳慢慢落到天际。	观察自然	🌅	reveal	拉开画面，看看远处天与地相接的天际。
约	yuē	提前说好，共同遵守。	约定,约好	我和朋友约好，明天一起读书。	一起合作	🤝	match	把两张相同的约定卡配在一起。
示	shì	把事情或意思展示给别人看。	示范,展示	老师示范怎样把纸折成小船。	动手发现	⛵	reveal	打开示范图，跟着看小船怎样折出来。
复	fù	把已经做过的事再做一次。	重复,复习	我复习昨天学过的三个汉字。	认识文字	🔁	match	找到昨天学过的字，再复习一遍。
病	bìng	身体不舒服，健康出了问题。	生病,病人	我生病时，爸爸带我去看医生。	照顾身体	🤒	match	找到生病后请大人帮助的小朋友。
息	xī	停下来歇一歇，也指呼吸的气。	气息,信息	跑完步后，我的气息慢慢平稳了。	照顾身体	🌬️	reveal	看看小朋友怎样停下歇一歇，让气息平稳。
究	jiū	仔细想、仔细查，弄明白一件事。	研究,探究	我们一起研究，为什么影子会变长。	动手发现	🔍	reveal	移动太阳的位置，研究影子为什么会变长。
线	xiàn	细细长长、像丝一样的东西或痕迹。	线条,毛线	我用蜡笔画了一条弯弯的线。	动手发现	🧶	match	把弯弯的线和同样弯的线配在一起。
似	sì	看起来有些相像。	相似,好似	这两片叶子的形状很相似。	比较发现	🍃	match	找到形状相似的两片叶子。
官	guān	在国家机关中担任管理或专门工作的人。	官员,法官	法官要认真听大家说话，再依法作判断。	家长陪读	⚖️	reveal	和家长一起读，认识法官的工作。
断	duàn	原本连着的东西分开了。	断开,折断	细绳断开了，我们换一根新的。	生活发现	🪢	match	找到已经断开的绳子。
精	jīng	做得细致，也表示专心、有力气的样子。	精神,精心	我们精心画了一张生日贺卡。	关心身边	💌	reveal	打开贺卡，看看大家精心画的小花。
满	mǎn	装得多，已经没有空余的地方。	装满,满满	水杯装满了，我慢慢端着它。	比较发现	🥛	match	看看两只水杯，找到已经装满的一只。
支	zhī	撑住东西，也用来数笔等物品。	一支,支撑	我拿出一支绿色蜡笔。	生活物品	🖍️	count	数一数桌上有几支蜡笔。
视	shì	用眼睛看。	视线,视力	看书时，我注意保护视力。	照顾身体	👀	match	找到光线合适、坐姿端正的看书画面。
消	xiāo	渐渐变少，直到没有。	消失,消除	太阳出来后，地上的小水洼慢慢消失。	观察自然	☀️	reveal	看看太阳照着水洼，水怎样慢慢消失。
兵	bīng	在军队里承担任务的人。	士兵,兵营	图画书里的士兵参加了救援。	家长陪读	🪖	reveal	和家长一起看图，认识帮助救援的士兵。
越	yuè	经过或跨过，也表示程度更加。	越过,越来越	小兔越过小水沟，跳到了另一边。	运动游戏	🐇	match	帮小兔找到可以越过水沟的路线。
器	qì	做事或装东西时用的器具。	乐器,容器	我拿起小鼓，认识了一种乐器。	生活物品	🥁	match	在玩具和乐器中，找到可以演奏的乐器。
容	róng	能装下或接纳东西。	容纳,容量	这个盒子能容纳十块积木。	比较发现	📦	collect	把积木放进盒子，看看它能容纳多少。
照	zhào	光射在东西上，让它变亮。	照亮,照射	手电筒照亮了前面的路。	观察自然	🔦	reveal	打开手电筒，让光照亮小路。
须	xū	一定要做，或一定要有。	必须,须要	坐汽车时，我们必须系好安全带。	安全生活	🚗	match	找到乘车时必须系好安全带的画面。
增	zēng	比原来多了一些。	增加,增长	花盆里又开一朵花，花的数量增加了。	数一数	🌼	count	数数新开的花，看看数量增加了几朵。
研	yán	仔细思考和寻找答案。	研究,研学	我们研究种子需要什么才能发芽。	动手发现	🌱	reveal	打开观察记录，研究种子怎样发芽。
写	xiě	用笔画出文字，把意思记录下来。	写字,书写	我用铅笔写下自己的名字。	认识文字	✏️	match	找到正在认真写字的小朋友。
称	chēng	给人或东西一个名字，或用这个名字叫它。	名称,称呼	老师告诉我们，这种花的名称是向日葵。	表达想法	🌻	match	把向日葵和它的名称卡配在一起。
企	qǐ	在企业一词中，指生产东西或提供服务的组织。	企业,企盼	这家企业生产我们画画用的彩笔。	家长陪读	🏭	reveal	和家长一起看图，了解生产彩笔的企业。
功	gōng	付出努力后做成事情的结果或贡献。	成功,功劳	我们一起合作，成功搭好了小桥。	一起合作	🏆	reveal	看看大家怎样合作，把小桥成功搭好。
吗	ma	放在一句话末尾，表示在问问题。	好吗,可以吗	我问妈妈，可以一起读书吗？	礼貌表达	❔	match	找到用吗来询问的一句话。
片	piàn	薄薄的一块，也用来数薄薄的东西。	一片,纸片	我在纸上贴了一片红色花瓣。	动手发现	🌸	collect	收集薄薄的花瓣，贴成一朵花。
史	shǐ	过去发生过的事情和它们的记录。	历史,史书	爷爷用老照片讲家乡的历史。	文化发现	📜	reveal	打开老照片，听一听家乡过去的历史。
委	wěi	把一件事情托付给别人去做。	委托,委任	妈妈委托我把画送给奶奶。	一起合作	💌	match	把画送到奶奶手中，完成妈妈的委托。
乎	hū	用在几乎等词中，几乎表示差一点就达到。	几乎,似乎	拼图几乎完成了，只差最后一块。	表达想法	🧩	collect	放上最后一块，让几乎完成的拼图变完整。
查	chá	仔细看一看，找出信息或问题。	检查,查找	睡觉前，我检查书包里有没有水杯。	自己来做	🎒	reveal	打开书包，检查明天要带的东西。
轻	qīng	重量小，也表示用的力气小。	轻重,轻轻	我轻轻把小猫放到软垫上。	比较发现	🪶	match	比较两件物品，找到重量更轻的一件。
易	yì	做起来不费很多力气。	容易,简易	这块大拼图很容易放进空位。	动手发现	🧩	match	找到更容易完成的简单拼图。
早	zǎo	天刚亮的时候，也表示时间比较靠前。	早上,早晨	早上起床后，我先洗脸。	生活时间	🌅	reveal	拉开窗帘，看看早晨的阳光。
曾	céng	表示过去发生过。	曾经,未曾	我曾经和爸爸一起去海边。	表达想法	🏖️	reveal	翻开相册，看看曾经去过的地方。
除	chú	把不要的东西去掉。	除去,清除	我用抹布清除桌上的灰尘。	自己来做	🧽	collect	擦去桌上的灰尘，把灰尘清除干净。
农	nóng	种庄稼等农业劳动。	农民,农田	农民在田里种稻子。	食物从哪里来	🌾	reveal	看看农田，了解农民怎样种粮食。
找	zhǎo	寻找想要看到的人或东西。	找到,寻找	我在书架上找到喜欢的绘本。	生活发现	🔍	match	在书架中找出封面上有小熊的绘本。
装	zhuāng	把东西放到袋子、盒子等里面。	装进,装满	我把玩具装进盒子里。	自己来做	📦	collect	把地上的玩具装进盒子。
广	guǎng	地方宽大，范围很大。	广场,宽广	宽广的草地上有许多小花。	我的社区	🌳	reveal	打开画面，看看宽广的草地。
显	xiǎn	让原来不容易看见的东西露出来。	显示,显现	屏幕上显示出一只小熊。	生活发现	🖥️	reveal	点亮屏幕，看看显示了什么图案。
阿	ā	放在一些称呼前面，让称呼亲切自然。	阿姨,阿爸	我向门口的阿姨说早上好。	礼貌表达	👋	match	找到向阿姨礼貌问好的小朋友。
李	lǐ	李子是一种果实，也用作姓氏。	李子,李树	妈妈把洗干净的李子放进盘子。	好好吃饭	🍑	collect	把洗干净的李子收进水果盘。
标	biāo	用来指明或提醒事情的记号。	标记,标志	我在喜欢的书页上贴了一个标记。	生活发现	🔖	match	找到带有星星标记的书页。
谈	tán	和别人说话，交流事情或想法。	谈话,交谈	我和朋友谈一谈周末想做什么。	表达想法	💬	reveal	打开对话气泡，听听小朋友在谈什么。
图	tú	画出来的样子，可以说明事物或路线。	图画,地图	我画了一幅图，告诉妈妈公园在哪里。	动手发现	🗺️	match	把公园和地图上对应的图案配在一起。
念	niàn	读出文字的声音，也表示想着某个人。	念书,想念	我念一首儿歌给奶奶听。	认识文字	📖	reveal	打开儿歌卡，和小朋友一起念一念。
引	yǐn	带领别人，或让东西朝一个方向移动。	引导,吸引	老师引导我们沿着小路往前走。	一起合作	🧭	match	跟着老师的引导，找到去花园的路线。
历	lì	经历过去的事情，也用于记录日期的日历。	日历,经历	我在日历上找到自己的生日。	生活时间	📅	match	翻开日历，找到生日那一天。
首	shǒu	最前面的、第一的，也用来数诗和歌曲。	首先,一首	我唱了一首春天的歌。	音乐和故事	🎵	count	听一听歌单，数数一共唱了几首歌。
医	yī	治病、帮助人恢复健康。	医生,医院	医生给我检查身体。	照顾身体	🩺	match	把听诊器送给检查身体的医生。
局	jú	一场游戏的完整过程，也指办理事务的机构。	一局,邮局	我和爸爸下了一局棋。	游戏规则	♟️	reveal	看看棋盘，认识一局游戏的开始和结束。
突	tū	出乎预料地发生，或向外鼓出来。	突然,突出	天空突然下起雨，我们撑开了伞。	观察自然	🌧️	reveal	看看天气突然变雨，小朋友怎样撑伞。
专	zhuān	集中在一件事情上。	专心,专注	我专心听老师讲故事。	自己来做	📖	match	找到专心听故事的小朋友。
费	fèi	做事情用掉的钱、时间或力气。	费用,费力	搬这个大盒子有点费力，我们一起搬。	一起合作	📦	collect	请两位朋友一起搬动费力的大盒子。
号	hào	用来辨认人或东西的数字、记号。	号码,号牌	我记住了自己的储物柜号码。	生活发现	🔢	match	找到号码和钥匙牌相同的储物柜。
尽	jìn	用上全部力量，或用完全部东西。	尽力,尽情	我尽力把地上的积木收好。	自己来做	💪	collect	把每块积木都收好，尽力完成整理。
另	lìng	表示除此以外的、不同的。	另外,另一个	这支笔没水了，我拿出另外一支。	比较发现	🖊️	match	找到另外一支可以写字的笔。
周	zhōu	七天组成的一段时间，也表示围着的范围。	一周,周末	一周有七天，我用日历数一数。	生活时间	📅	count	在日历上数七天，认识一周。
较	jiào	把东西放在一起看有什么差别。	比较,较高	我比较两根绳子，看哪根更长。	比较发现	📏	match	比较两根绳子，找到较长的一根。
注	zhù	把心思放在一件事上，也表示往里面倒入。	注意,注水	过马路时，我们注意看交通灯。	安全生活	🚦	match	找到注意交通灯、和大人一起过路的画面。
语	yǔ	人们用来交流意思的语言。	语言,语音	我们用语言说出自己的想法。	表达想法	💬	reveal	打开对话气泡，听听大家用语言表达什么。
仅	jǐn	表示只有这些，没有更多。	仅有,仅仅	盘子里仅有一个苹果。	数一数	🍎	count	数一数盘子里仅有的苹果。
考	kǎo	仔细想一想，或用问题看看学会了什么。	思考,考试	搭桥之前，我先思考怎样让它稳一些。	动手发现	🤔	reveal	看看两座积木桥，思考哪座更稳。
落	luò	从高处往下掉，或停到某个地方。	落下,降落	一片黄叶从树上落下来。	观察自然	🍂	reveal	看看树叶怎样慢慢落到地上。
青	qīng	绿色或蓝色的颜色，也表示年轻。	青草,青山	青青的草地上开着小花。	颜色和植物	🌿	match	找到长满青草的绿色草地。
随	suí	跟着别人，或顺着某个方向。	跟随,随行	小鸭跟随鸭妈妈走到池塘边。	动物朋友	🦆	match	让小鸭沿着鸭妈妈走过的路线跟随。
选	xuǎn	从几个里面挑出自己需要的。	选择,挑选	我选了一本讲小熊的绘本。	自己来做	📚	match	从三本书中选出讲小熊的一本。
列	liè	一个接一个排成整齐的一行。	队列,排列	小朋友排成一列，慢慢走进教室。	校园生活	🧍	collect	请小朋友一个接一个排成一列。
武	wǔ	和武术、军事等有关的本领或活动。	武术,习武	哥哥跟着老师练武术，动作很有力。	运动游戏	🥋	reveal	看看武术动作，和大人一起伸伸手脚。
响	xiǎng	发出能听到的声音。	响声,响亮	小铃铛一摇，就发出响声。	听听声音	🔔	match	找到发出铃声的小铃铛。
虽	suī	用在虽然一词中，先说情况，再说转折。	虽然,虽说	虽然下雨了，我们还是能在屋里玩。	表达想法	🌧️	reveal	看看虽然下雨，大家在屋里怎样玩。
推	tuī	用力让东西向前或向外移动。	推动,推车	我轻轻推开门，走进房间。	一起动起来	🚪	match	找到用手向前推门的动作。
势	shì	表现出来的样子，或事情发展的力量。	姿势,手势	老师用手势提醒我们安静听故事。	表达想法	✋	match	把保持安静的手势和对应意思配在一起。
希	xī	盼望将来发生自己想要的事。	希望,希冀	我希望种下的小花快快长大。	表达想法	🌱	reveal	打开愿望卡，听听小朋友的希望。
古	gǔ	很久很久以前的。	古代,古老	这本书讲的是古代的故事。	文化发现	🏺	reveal	翻开故事书，看看古代的人怎样生活。
众	zhòng	许多人，数量很多。	众人,观众	观众坐在台下，认真听小朋友唱歌。	一起合作	👥	reveal	看看舞台前，有哪些观众在听歌。
构	gòu	把各个部分连接起来，做成一个整体。	构成,结构	几块积木构成了一座小房子。	动手发现	🧱	collect	把积木连接起来，构成一座小房子。
房	fáng	有墙和屋顶，可以住人或做事的地方。	房子,房间	我的房间里有一张小床。	我的家	🏠	reveal	打开房门，看看房间里的小床。
半	bàn	把一样东西平均分成两份，其中的一份。	一半,半个	我和姐姐一人吃半个苹果。	数一数	🍎	match	把苹果平均分成两份，找到其中的一半。
节	jié	有特别活动或纪念意义的日子，也指分段。	节日,节约	儿童节到了，我们一起唱歌。	生活时间	🎈	reveal	打开节日卡，看看儿童节有哪些活动。
投	tóu	把东西朝着一个地方扔过去或放进去。	投篮,投进	我把软球投进小篮筐。	运动游戏	🏀	match	帮软球找到投进篮筐的路线。
某	mǒu	代替一个没有明确说出的人、时间或地方。	某天,某人	某天，我在公园里发现了一片漂亮的叶子。	表达想法	📅	reveal	翻开故事卡，看看某天发生了什么。
案	àn	经过安排的计划，也指要查明的事情。	方案,档案	我们商量了两个搭积木桥的方案。	做事有计划	📋	match	看看两个方案，选出更稳的积木桥。
维	wéi	让东西继续保持原来的良好状态。	维护,维持	我们爱护花草，一起维护整洁的花园。	关心身边	🌷	collect	把垃圾收好，维护花园的整洁。
革	gé	去毛后加工过的动物皮，也表示改变。	皮革,革新	爸爸告诉我，这双鞋的材料是皮革。	家长陪读	👞	reveal	看看鞋子的材料，和家长认识皮革。
划	huá	用桨拨水，让船前进。	划船,划桨	我和爸爸一起划船，慢慢向岸边靠近。	运动游戏	🚣	match	找到用桨划水的小船。
致	zhì	表达心意，也表示让事情达到某个结果。	致谢,致敬	收到礼物后，我向奶奶致谢。	礼貌表达	💐	match	找到收到礼物后表达致谢的小朋友。
陈	chén	把东西摆出来，也表示说出想法。	陈列,陈述	博物馆里陈列着古老的陶罐。	文化发现	🏺	reveal	打开展柜，看看里面陈列的陶罐。
律	lǜ	反复出现的规则，也用于音乐的旋律。	规律,旋律	红蓝红蓝的珠子，按同样的规律排列。	比较发现	🔴	match	看看珠子的排列规律，找到下一颗的颜色。
态	tài	人或事物表现出来的样子。	状态,姿态	小猫伸着懒腰，姿态十分可爱。	动物朋友	🐈	match	找到正在伸懒腰的小猫姿态。
护	hù	照顾好，让人或东西不受伤害。	保护,爱护	我们保护小树，不踩它旁边的幼苗。	关心身边	🌱	match	找到爱护幼苗、沿着小路走的画面。
兴	xìng	心里快乐，也表示对某件事有兴趣。	高兴,兴趣	我收到朋友画的贺卡，心里很高兴。	我的心情	😊	match	找到收到贺卡后高兴的笑脸。
孩	hái	年纪小的人。	孩子,女孩	孩子们在草地上玩游戏。	一起合作	🧒	reveal	看看草地上，孩子们在玩什么。
验	yàn	用实际观察或尝试看看对不对。	实验,检验	我们做实验，看看哪些东西能浮在水上。	动手发现	🧪	match	把木块和石头放进水中，看看实验结果。
责	zé	自己应当认真做好的事情。	责任,负责	照顾小花是我的责任，我每天看看它。	关心身边	🪴	collect	给小花送水，完成照顾它的责任。
营	yíng	为暂时住下而搭帐篷等，也表示经营。	营地,露营	我们在营地搭好帐篷，看天上的星星。	户外发现	🏕️	reveal	打开帐篷，看看露营的营地。
星	xīng	夜空中看起来闪亮的小天体。	星星,星空	夜晚，我和爸爸一起看星星。	观察自然	⭐	collect	收集夜空中闪亮的星星。
够	gòu	达到需要的数量或程度。	足够,够用	这些积木足够我们搭一座小桥。	比较发现	🧱	count	数数积木，看看数量够不够搭桥。
章	zhāng	书或文章中分出来的一段内容，也指印章。	章节,文章	这本书的每个章节都讲一个小故事。	认识文字	📚	reveal	打开目录，看看故事分成哪些章节。
音	yīn	能够被耳朵听到的声音。	声音,音乐	我听到窗外小鸟的声音。	听听声音	🎵	match	听一听，找到发出鸟鸣声的小鸟。
跟	gēn	跟在后面一起走，或和别人一起做事。	跟随,跟上	我跟着妈妈，走进图书馆。	一起合作	👣	match	沿着脚印找到跟着妈妈走的路线。
志	zhì	心里想努力实现的愿望。	志向,志愿	我想当画家，这就是我的志向。	表达想法	🎨	reveal	打开梦想卡，看看小朋友的志向。
底	dǐ	东西最下面的部分。	底部,海底	杯子的底部画着一朵小花。	比较和方位	🥤	reveal	翻看透明杯，找到底部的小花。
站	zhàn	身体直立，用脚撑在地上。	站立,站好	排队时，我站在朋友后面。	一起动起来	🧍	match	找到双脚着地、身体直立的站立动作。
严	yán	认真守规则，对事情要求很仔细。	严格,严肃	爸爸严格遵守交通规则。	安全生活	🚦	match	找到严格遵守红灯停规则的画面。
巴	bā	在巴掌一词中，表示手掌。	巴掌,巴士	我张开两只巴掌，和妈妈比手的大小。	我的身体	🖐️	match	把张开的巴掌和对应手印配在一起。
例	lì	用来说明一种情况的实际事情。	例子,例如	老师举了一个例子，说明植物需要水。	表达想法	🌱	reveal	打开例子卡，看看小花缺水时会怎样。
防	fáng	提前准备，避免不好的事情发生。	预防,防止	我们勤洗手，预防生病。	照顾身体	🧼	match	找到用肥皂认真洗手、预防生病的画面。
族	zú	有共同文化等特点的一群人，也指同家的人。	民族,家族	不同民族的人一起参加节日活动。	文化发现	👫	reveal	打开节日画面，认识不同民族的朋友。
供	gōng	把别人需要的东西拿出来，让人使用。	提供,供应	老师提供彩纸，让我们做手工。	一起合作	📄	collect	把手工需要的彩纸提供给小朋友。
效	xiào	做一件事产生的作用或结果。	效果,有效	给小花浇水有了效果，叶子又挺起来了。	动手发现	🪴	reveal	看看浇水前后，小花有什么效果变化。
续	xù	接着做，保持不中断。	继续,连续	休息一会儿后，我继续拼图。	自己来做	🧩	collect	接着放好剩下的拼图，继续完成画面。
施	shī	把计划或办法实际做出来。	施工,实施	工人正在施工，为公园修一条小路。	我的社区	🚧	reveal	在安全距离外看看工人怎样施工修路。
留	liú	待在原处，不离开，也表示保存下来。	留下,保留	我把漂亮的叶子留下来，做成书签。	动手发现	🍂	collect	留下完整的叶子，做成一枚书签。
讲	jiǎng	把事情或道理说给别人听。	讲故事,讲话	奶奶给我讲小兔的故事。	音乐和故事	📖	reveal	打开故事书，听听奶奶讲什么。
型	xíng	某一类东西的样式，也指照着做的小样。	模型,造型	我用积木搭了一座房子模型。	动手发现	🏠	collect	把积木搭在一起，做出房子模型。
料	liào	用来制作东西的原料或材料。	材料,塑料	我们用纸板和毛线当材料，做一只小船。	动手发现	🧶	collect	收集纸板和毛线，准备做小船的材料。
终	zhōng	到最后，结束了。	终于,终点	小兔终于跑到了比赛的终点。	运动游戏	🏁	match	沿着路线帮助小兔到达终点。
答	dá	对别人的问题说出自己的想法或结果。	回答,答案	老师问我喜欢什么颜色，我回答绿色。	表达想法	💬	reveal	打开问答卡，听听小朋友怎样回答。
紧	jǐn	拉得很牢、贴得很近，或没有多少空隙。	拉紧,紧紧	爸爸把帐篷的绳子拉紧。	户外发现	🪢	match	找到已经拉紧、没有松垂的绳子。
绝	jué	断开或不继续，也表示完全。	拒绝,绝不	我不想再吃点心，可以礼貌地拒绝。	表达想法	🙅	match	不想再吃点心时，找到礼貌拒绝的说法。
奇	qí	跟平常不一样，让人想问个明白。	好奇,奇妙	我很好奇，磁铁为什么能吸住回形针。	动手发现	🧲	reveal	试一试磁铁，满足想知道答案的好奇心。
察	chá	仔细看，发现细小的变化。	观察,察看	我每天观察豆芽长高了多少。	观察自然	🌱	reveal	打开观察记录，看看豆芽的变化。
母	mǔ	生育、养育孩子的妈妈，也指雌性动物。	母亲,母鸡	母鸡带着小鸡在草地上找食物。	我的家人	🐔	match	把小鸡和照顾它们的母鸡配在一起。
京	jīng	首都，也用于北京等城市名称。	北京,京城	我们在地图上找到中国的首都北京。	家长陪读	🏙️	reveal	打开中国地图，找到北京。
段	duàn	一件长的东西或一段时间中的一部分。	一段,路段	我走过一段小路，来到花园。	比较和方位	🛤️	match	找到从家到花园这一段小路。
依	yī	靠着、跟着，也表示照着要求去做。	依靠,依次	我们依次排队，每个人都慢慢向前走。	一起合作	👫	match	请小朋友按顺序依次进入教室。
批	pī	把同类的人或东西合成一组来数。	一批,批量	老师带来一批新绘本，放进书架。	生活发现	📚	collect	把同一批新绘本一起放进书架。
群	qún	聚在一起的许多人或动物。	一群,羊群	一群小羊在草地上吃草。	动物朋友	🐑	collect	把小羊们聚到一起，组成一群。
项	xiàng	用来数一件件事情或活动。	一项,项目	整理玩具是我今天完成的一项任务。	自己来做	✅	reveal	打开任务卡，看看完成了哪一项事情。
故	gù	过去的、原来的，也表示事情发生的原因。	故事,故乡	爷爷讲了一个关于故乡的故事。	音乐和故事	📖	reveal	打开故事书，听听爷爷讲故乡的故事。
按	àn	用手往下压，或照着要求去做。	按下,按钮	我按下按钮，台灯亮了。	生活发现	🔘	match	找到能按下后点亮台灯的按钮。
河	hé	陆地上较大的流水通道。	河流,小河	小河从村子旁边慢慢流过。	观察自然	🏞️	reveal	展开地图，看看小河流向哪里。
江	jiāng	很大的河流。	江水,长江	长江的江水流向大海。	观察自然	🌊	reveal	沿着地图看看长江怎样流向大海。
织	zhī	把线交错连接，做成布或其他东西。	织布,编织	奶奶用毛线织了一条围巾。	动手发现	🧣	reveal	看看毛线怎样一针一针织成围巾。
害	hài	让人、动物或东西受到不好的影响。	伤害,害虫	我们轻轻观察小虫，不伤害它们。	关心身边	🐞	match	找到轻轻观察、不伤害小虫的做法。
斗	dǒu	一种量粮食的器具，也用于北斗的名称。	北斗,斗柄	我和爸爸在星图上寻找北斗七星。	观察自然	🌌	match	在星图中找到形状像勺子的北斗七星。
双	shuāng	两个相配的人或东西组成的一对。	一双,双手	我把一双鞋整齐地放在门边。	生活物品	👟	match	把左右两只鞋配成一双。
境	jìng	周围的地方和条件，也表示一定范围。	环境,边境	我们把垃圾收好，让环境更整洁。	关心身边	🌳	collect	收好地上的垃圾，保护整洁的环境。
客	kè	来做客或乘车等的人。	客人,旅客	家里来了客人，我请他坐下。	礼貌表达	🪑	match	找到请客人坐下的礼貌动作。
纪	jì	用来记录时间或事情，也用于年纪。	年纪,纪念	奶奶告诉我，她的年纪比妈妈大。	我的家人	👵	match	看看家庭人物，比较谁的年纪更大。
采	cǎi	从植物等上面摘取或收集。	采摘,采集	秋天，我们采摘成熟的苹果。	食物从哪里来	🍎	collect	找到成熟的苹果，把它们采摘进篮子。
举	jǔ	把手或东西向上抬。	举手,举起	想回答问题时，我先举手。	校园生活	🙋	match	找到想回答问题、先举手的小朋友。
攻	gōng	向困难或目标努力，争取把它解决。	攻克,进攻	我们一起攻克难题，搭好了摇晃的积木桥。	一起合作	🧱	collect	一起补好桥墩，攻克积木桥不稳的难题。
父	fù	养育孩子的爸爸。	父亲,父母	我的父亲会陪我一起读绘本。	我的家人	👨	match	把小朋友和陪他读书的父亲配在一起。
苏	sū	从沉睡、昏迷等状态中醒来，也表示恢复生机。	苏醒,复苏	春天来了，大地复苏，草芽冒出来。	观察自然	🌱	reveal	打开春天画面，看看大地复苏后的草芽。
密	mì	挨得很近，空隙很小，也表示不公开。	密集,秘密	树林里的树长得密密的，枝叶连在一起。	比较发现	🌳	match	比较两片树林，找到树木更密集的一片。
低	dī	高度小，位置靠近下面。	高低,低处	这张矮椅子比较低，我能稳稳坐上去。	比较发现	🪑	match	比较两张椅子，找到更低的一张。
诉	sù	把心里的话或事情说给别人听。	诉说,诉苦	我向妈妈诉说今天开心的事。	表达想法	💬	reveal	打开心情卡，听听小朋友想诉说什么。
止	zhǐ	停下来，不再继续。	停止,止步	红灯亮了，我们停止前进。	安全生活	🛑	match	找到红灯亮时停止前进的小朋友。
细	xì	很小、很窄，也表示做事认真仔细。	细小,仔细	我仔细看叶子，发现了细细的叶脉。	观察自然	🔍	reveal	放大叶子，仔细看看细小的叶脉。
愿	yuàn	心里想做某件事，或盼望某件事发生。	愿意,愿望	我愿意和朋友分享彩笔。	一起合作	🤝	collect	把愿意分享的彩笔送给朋友一起画。
千	qiān	十个一百合起来的数。	一千,千万	十袋一百颗珠子，合起来是一千颗。	数一数	🔢	count	每袋一百颗，数十袋认识一千颗。
值	zhí	东西的用处或重要程度，也表示轮流承担任务。	价值,值日	今天我值日，负责整理小桌子。	校园生活	🧹	collect	整理小桌子，完成今天的值日任务。
仍	réng	情况保持原来那样，还没有改变。	仍然,仍旧	雨停了，小树的叶子仍然湿湿的。	观察自然	🌦️	reveal	看看雨停后的树叶，哪些仍然湿着。
男	nán	表示男性的人。	男孩,男生	男孩和女孩一起在草地上画画。	一起合作	🧒	collect	请男孩和女孩一起分享彩笔画画。
钱	qián	用来买东西或付费用的货币。	零钱,钱币	妈妈用钱买了面包。	生活购物	🪙	match	把买面包需要的钱币放到收银台。
破	pò	完整的东西裂开了或出现了洞。	破洞,破损	这张纸破了一个小洞。	生活发现	🕳️	match	找到有破洞的一张纸。
网	wǎng	线交叉连接，留下许多小孔的东西。	网袋,球网	妈妈把水果装进网袋。	生活物品	🥅	reveal	看看网袋，找到线交叉留下的小孔。
热	rè	温度比较高，让人感觉暖或烫。	热水,炎热	这杯水很热，我等它凉一点再喝。	照顾身体	🌡️	match	找到冒着热气、需要先放凉的水杯。
助	zhù	帮别人一起把事情做好。	帮助,助手	我帮助奶奶把书放上书架。	一起合作	🤝	collect	把书递给奶奶，帮助她整理书架。
倒	dǎo	站着的东西倾斜下来，或上下颠倒。	倒下,倒立	积木塔倒下了，我们重新搭起来。	动手发现	🧱	reveal	看看积木塔怎样倒下，再想想怎样搭稳。
育	yù	养护、教导，让人或其他生命成长。	培育,教育	我们认真培育小苗，盼着它长高。	关心身边	🌱	collect	送来水和阳光，帮助培育小苗。
属	shǔ	归某个人所有，或归在某一类里面。	属于,所属	这支蓝色蜡笔属于小明。	生活发现	🖍️	match	按照姓名标记，找到属于小明的蜡笔。
坐	zuò	让身体由椅子等支撑，臀部放在上面。	坐下,坐好	我坐在小椅子上听故事。	一起动起来	🪑	match	找到坐在椅子上听故事的小朋友。
帝	dì	皇帝是古代一种国家统治者的称呼。	皇帝,帝王	图画书讲了古代皇帝的故事。	家长陪读	👑	reveal	和家长一起翻书，认识古代的皇帝称呼。
限	xiàn	划出允许到达的范围或数量。	限制,界限	书包的大小有限，只能装下这些书。	比较发现	🎒	collect	在书包能装下的限制内，放好需要的书。
船	chuán	在水上浮着，可以载人或载物的工具。	小船,轮船	小船在水面上慢慢前进。	交通发现	⛵	match	找到能在水上行驶的小船。
脸	liǎn	头部前面，有眼睛、鼻子和嘴的部分。	脸蛋,洗脸	我用温水洗脸，再擦干净。	我的身体	🙂	match	把洗脸用的毛巾送给小朋友。
职	zhí	一个人承担的工作或任务。	职业,职责	老师的职责之一是帮助我们学习。	我的社区	🧑‍🏫	match	把帮助小朋友学习的职责和老师配在一起。
速	sù	移动或做事快慢的程度。	速度,快速	小兔跑步的速度比小乌龟快。	比较发现	🐇	match	比较两只小动物，找到速度更快的一只。
刻	kè	用工具在东西上留下痕迹，也表示短时间。	雕刻,时刻	叔叔在木头上雕刻出一只小鸟。	家长陪读	🪵	reveal	看看木头上的雕刻，找到小鸟的形状。
乐	lè	心里高兴、开心。	快乐,欢乐	我和朋友一起玩，心里很快乐。	我的心情	😊	match	找到快乐的小朋友笑脸。
否	fǒu	表示不、不是，或不同意。	是否,否定	老师问我是否需要一张彩纸。	表达想法	❔	match	看看是否需要彩纸，用需要或不需要回答。
刚	gāng	表示事情发生不久，或恰好到这个时候。	刚才,刚刚	我刚刚洗过手，现在可以吃饭了。	生活时间	🧼	reveal	按顺序看看刚刚发生的洗手动作。
威	wēi	令人敬畏的力量或气势。	威风,威力	图画里的狮子看起来很威风。	动物朋友	🦁	reveal	打开狮子图，看看它威风的样子。
毛	máo	人或动物皮肤上长出的细丝。	毛发,毛巾	小兔身上的毛又软又细。	动物朋友	🐇	match	找到身上有柔软毛发的小兔。
状	zhuàng	东西或人表现出来的样子。	形状,状态	这片叶子的形状像一颗心。	比较发现	🍃	match	找到形状像心的叶子。
率	shuài	带着大家一起行动，也表示先做。	率领,率先	老师率领小朋友，走进植物园。	一起合作	👫	match	跟着老师率领的队伍，找到去植物园的路线。
甚	shèn	表示程度很深、非常。	甚至,甚好	风很大，甚至把小帽子吹跑了。	表达想法	💨	reveal	看看风很大，甚至吹动了哪些东西。
独	dú	只有一个，没有别人在一起。	独自,单独	我独自把拼图放好，完成后很开心。	自己来做	🧩	match	找到独自完成拼图的小朋友。
球	qiú	圆圆的立体东西，常用来做运动。	皮球,足球	我和爸爸一起踢球。	运动游戏	⚽	match	找到可以踢的圆圆足球。
般	bān	在一般等词中，表示一样或通常的情况。	一般,这般	一般情况下，我们晚上按时睡觉。	生活时间	🌙	reveal	看看一天的安排，一般什么时候睡觉。
普	pǔ	范围广，很多地方或人都这样。	普通,普遍	普通的纸也能折成漂亮的小船。	生活发现	📄	reveal	看看普通的纸怎样变成小船。
怕	pà	心里担心、害怕，感到不安全。	害怕,怕黑	我怕黑时，会请妈妈陪一陪我。	我的心情	🫂	match	找到害怕时向大人求助的小朋友。
弹	tán	用手指拨动琴弦或按琴键等。	弹琴,弹奏	姐姐弹琴，我坐在旁边听。	音乐和故事	🎹	match	找到用手指弹奏钢琴的动作。
校	xiào	大家学习、上课的地方。	学校,校园	学校的操场上有许多小朋友。	校园生活	🏫	reveal	打开学校地图，找到操场。
苦	kǔ	像苦瓜那样的味道，也表示难受或辛苦。	苦瓜,苦味	这块苦瓜有一点苦。	好好吃饭	🥒	match	把苦瓜和表示苦味的卡片配在一起。
创	chuàng	从没有开始，做出新的东西或办法。	创造,创意	我们创造了一种新的积木玩法。	动手发现	💡	reveal	看看新的积木玩法，想想还能创造什么。
假	jiǎ	不是真的，或只是想象出来的。	假装,真假	我假装是一只小兔，轻轻向前跳。	游戏和想象	🐇	match	找到假装小兔跳跃的小朋友。
久	jiǔ	经过的时间很长。	很久,长久	我们等了很久，种子终于发芽了。	生活时间	🌱	reveal	翻看观察日历，看看等了多久种子才发芽。
错	cuò	做得不对，或和正确的情况不一样。	错误,改错	我发现颜色放错了，把它换回来。	自己来做	🔁	match	找到放错颜色的积木，再换到正确位置。
承	chéng	接住、托住，或认真接下某件事情。	承担,承接	我承担整理绘本的任务，把书放整齐。	自己来做	📚	collect	接下任务，承担整理绘本的工作。
印	yìn	按上去后留下的形状或记号。	印章,脚印	我在纸上印了一枚小熊印章。	动手发现	🐾	match	把小熊印章和它留下的印记配在一起。
晚	wǎn	天快黑到夜里的时候，也表示时间靠后。	晚上,晚饭	晚上，我刷好牙再睡觉。	生活时间	🌙	reveal	看看晚上的安排，找到刷牙和睡觉。
兰	lán	兰花是一类有漂亮花朵的植物。	兰花,兰草	奶奶家的兰花开出了小花。	颜色和植物	🌸	reveal	打开花盆画面，看看兰花的花朵。
试	shì	做一做，看看结果怎么样。	尝试,试一试	我试着把纸折成一只小船。	动手发现	⛵	collect	跟着折纸步骤，试着做一只小船。
股	gǔ	用来数成条、成束或一阵阵的东西。	一股,股东	一股暖风轻轻吹过草地。	观察自然	🌬️	reveal	看看草叶的变化，感受一股风吹过。
拿	ná	用手抓住、取来或带着。	拿起,拿走	我拿起水杯，喝了一小口水。	自己来做	🥤	match	找到用手拿起水杯的动作。
脑	nǎo	头里帮助我们思考、控制身体的器官。	大脑,动脑	我动脑想一想，怎样把积木搭稳。	我的身体	🧠	reveal	看看两座桥，动脑想想哪种办法更稳。
预	yù	在事情发生之前先准备或猜想。	预备,预报	我们看天气预报，提前准备雨伞。	做事有计划	☔	reveal	打开天气预报，看看出门要预备什么。
谁	shuí	询问某个人是哪一个。	是谁,谁的	我问朋友，这是谁的水杯？	表达想法	❔	match	根据姓名标签，找出水杯是谁的。
益	yì	对人或事情有帮助的好处。	有益,益处	每天适当运动，对身体有益。	照顾身体	🏃	match	找到对身体有益的运动画面。
阳	yáng	阳光是太阳发出的光。	阳光,太阳	阳光照在小花上，小花显得亮亮的。	观察自然	☀️	reveal	打开窗帘，让阳光照进来。
若	ruò	表示假如，先设想一种情况。	若是,若有	若是明天不下雨，我们就去公园。	表达想法	🌤️	match	看看天气卡，选择若是晴天要去的地方。
哪	nǎ	询问某一个，或某个地方。	哪里,哪个	我问妈妈，公园在哪里？	表达想法	🗺️	match	根据地图，找到公园在哪里。
微	wēi	很小、很轻，或程度不深。	微笑,微风	微风轻轻吹动了树叶。	观察自然	🍃	reveal	看看树叶轻轻动，感受微风。
尼	ní	在尼龙一词中，表示一种合成材料。	尼龙,尼姑	爸爸告诉我，这个背包的面料是尼龙。	家长陪读	🎒	reveal	打开背包的材料标签，和家长认识尼龙。
继	jì	前后接着，不中断。	继续,继承	我们继续往前走，来到小桥边。	一起合作	👣	match	接着沿小路走，继续走到小桥边。
送	sòng	把东西交给别人，或陪别人到某个地方。	送给,送来	我把画好的贺卡送给奶奶。	关心身边	💌	collect	把贺卡送到奶奶手中。
急	jí	心里很想快一点，或事情需要马上处理。	着急,急忙	找不到玩具时，我有点着急，请爸爸帮忙。	我的心情	🫂	match	找到着急时先停一停、向大人求助的做法。
惊	jīng	突然遇到事情，心里感到意外或害怕。	惊喜,吃惊	打开盒子看到新绘本，我感到惊喜。	我的心情	🎁	reveal	打开礼物盒，看看里面有什么惊喜。
伤	shāng	身体或心里受了损害、感到疼痛。	受伤,伤心	我摔倒受伤了，马上请老师帮忙。	照顾身体	🩹	match	找到受伤后向老师求助的小朋友。
素	sù	没有肉的食物，也表示颜色简单、不花哨。	素菜,素色	今天的素菜有青菜和豆腐。	好好吃饭	🥬	collect	把青菜和豆腐做的素菜放进餐盘。
药	yào	用来预防或治疗疾病的物品。	药品,吃药	生病时，我按医生和家长的安排吃药。	照顾身体	💊	match	找到由医生和家长安排吃药的画面。
适	shì	符合需要，让人感觉合适。	适合,舒适	这双鞋大小适合我，穿着很舒服。	自己来做	👟	match	比较鞋子大小，找到适合小朋友的一双。
波	bō	水面起伏形成的一层层水纹。	波纹,波浪	小石子碰到水面，出现一圈圈波纹。	观察自然	🌊	reveal	看看水面，找到向外散开的波纹。
夜	yè	天黑以后，到天亮之前的时间。	夜晚,夜空	夜晚，我们在窗边看月亮。	生活时间	🌙	reveal	打开窗边画面，看看夜空里的月亮。
省	shěng	少用一些，避免浪费。	节省,省水	刷牙时关好水龙头，可以省水。	关心身边	🚰	match	找到关好水龙头、节省用水的做法。
初	chū	刚开始的，最早的一段。	初次,起初	初次见到新朋友，我先说你好。	礼貌表达	👋	match	找到初次见面时礼貌问好的动作。
喜	xǐ	心里高兴，也表示喜欢。	喜欢,喜爱	我喜欢和朋友一起画画。	我的心情	🎨	reveal	打开爱好卡，看看小朋友喜欢做什么。
卫	wèi	保护，也用于保持清洁的卫生。	卫生,保卫	饭前洗手，可以保持个人卫生。	照顾身体	🧼	match	找到认真洗手、保持卫生的画面。
源	yuán	水流开始的地方，也指东西从哪里来。	水源,来源	这条小溪的水源在山上。	观察自然	🏞️	reveal	沿着小溪向上看，寻找水源。
食	shí	吃东西，或可以吃的东西。	食物,食品	盘子里的食物有米饭、蔬菜和鸡蛋。	好好吃饭	🍽️	collect	把米饭、蔬菜和鸡蛋配成一盘食物。
险	xiǎn	可能带来伤害或损失的情况。	危险,险情	路边施工有危险，我们走安全的小路。	安全生活	🚧	match	找到避开危险、走安全小路的路线。
待	dài	等候，也表示怎样对别人。	等待,对待	我安静等待，轮到自己再拿绘本。	一起合作	⏳	match	找到排队时认真等待的小朋友。
述	shù	把一件事有次序地说出来。	讲述,描述	我向奶奶讲述今天在公园看到的小鸟。	表达想法	💬	reveal	打开故事卡，听小朋友讲述公园里的发现。
陆	lù	水面以外的地面。	陆地,大陆	小船靠岸后，我们走上陆地。	观察自然	🏝️	match	看看水和地面，找到可以上岸的陆地。
习	xí	反复做或学习，使自己更熟练。	学习,练习	我每天练习系鞋带。	自己来做	👟	match	跟着步骤练习，把鞋带系好。
置	zhì	把东西放在某个地方。	放置,位置	我把水杯放置在桌子中间。	自己来做	🥤	match	把水杯放置到桌子中间的标记处。
居	jū	住在某个地方。	居住,邻居	我们居住的社区旁边有一个公园。	我的社区	🏠	reveal	打开社区地图，找到我们居住的地方。
劳	láo	用力、用心做事情，也表示辛苦。	劳动,劳累	我们参加劳动，一起把落叶扫干净。	自己来做	🧹	collect	扫好地上的落叶，一起参加劳动。
财	cái	钱和有价值的物品。	财富,财物	叔叔整理财物，把钱和重要物品放好。	家长陪读	🪙	match	和家长一起看，找到需要妥善保管的财物。
环	huán	圆圈形的东西，也表示围在周围。	圆环,环绕	我把彩色圆环套在小柱子上。	运动游戏	⭕	match	把圆环套到颜色相同的小柱子上。
排	pái	一个接一个有次序地摆放或站好。	排队,排列	小朋友排队洗手，不互相挤。	一起合作	👫	collect	请小朋友一个接一个排队洗手。
福	fú	生活顺心、安稳、快乐的好状态。	幸福,祝福	我们一家一起吃饭，感到很幸福。	我的家人	💗	reveal	打开家庭画面，看看让大家幸福的小事。
纳	nà	把东西收进来，或接受进来。	收纳,容纳	我用小盒子收纳散开的彩笔。	自己来做	📦	collect	把彩笔收纳到合适的小盒子里。
雷	léi	下雨前后，云里放电发出的巨大响声。	雷声,雷雨	雷雨来了，我和妈妈待在屋里。	观察自然	⛈️	reveal	在屋里看天气画面，认识雷雨和雷声。
警	jǐng	提醒人注意，也指维护安全的警察。	警察,警告	警察帮助迷路的小朋友找到家长。	我的社区	👮	match	把迷路时需要帮助的小朋友和警察配在一起。
获	huò	经过行动，得到东西或结果。	获得,收获	秋天，我们收获了自己种的萝卜。	食物从哪里来	🥕	collect	把成熟的萝卜收进篮子，看看今天的收获。
模	mó	按照原来的样子做，或用来参照的样式。	模型,模仿	我模仿小鸟的动作，张开双臂。	游戏和想象	🐦	match	把小鸟展翅和模仿它的动作配在一起。
充	chōng	把东西补进去，变得满或足够。	充满,补充	房间里充满了阳光。	观察自然	☀️	reveal	打开窗帘，让房间充满阳光。
负	fù	担起事情，也表示背着或承担。	负责,负担	我负责给小花浇水。	关心身边	🪴	collect	把水送给小花，做好自己负责的事情。
停	tíng	不再走动或继续做。	停止,停下	游戏结束了，我们停下来喝水。	照顾身体	⏸️	match	找到停下来喝水休息的小朋友。
游	yóu	在水中移动，也指去别处玩。	游泳,游玩	周末，我们在公园游玩。	户外发现	🎠	reveal	打开公园地图，看看可以游玩的地方。
疑	yí	有不明白的地方，想知道是否正确。	疑问,疑惑	我有一个疑问，月亮为什么会变形？	动手发现	❔	reveal	打开观察图，带着疑问看看月亮的变化。
层	céng	上下叠着的每一部分。	一层,楼层	我把积木一层一层往上搭。	比较和方位	🧱	count	数数积木塔，一共搭了几层。
冷	lěng	温度低，让人觉得不暖和。	寒冷,冷水	天冷了，我穿上暖和的外套。	照顾身体	🧥	match	天气寒冷时，找到合适的暖和外套。
洲	zhōu	水中的陆地，也指地球上大块陆地区域。	亚洲,绿洲	我们在地图上认识亚洲。	世界发现	🌏	reveal	打开世界地图，找到亚洲这块区域。
冲	chōng	水流迅速通过，也表示很快向前移动。	冲洗,冲水	我用清水冲洗手上的泡沫。	照顾身体	🚰	match	找到用清水冲洗泡沫的洗手步骤。
射	shè	朝一个方向迅速发出，也指光照过去。	照射,射门	阳光照射在草地上。	观察自然	☀️	reveal	改变太阳的位置，看看阳光照射在哪里。
略	lüè	大致、简单，也表示只有一点点。	略微,省略	这件外套略微大了一点。	比较发现	🧥	match	比较外套大小，找到略微大一点的那件。
范	fàn	可以照着学习的例子或标准。	示范,模范	老师示范怎样把手洗干净。	自己来做	🧼	reveal	打开洗手示范，按顺序看看每一步。
竟	jìng	表示事情出乎意料，或强调最后的结果。	竟然,究竟	小种子竟然顶起了土，长出嫩芽。	观察自然	🌱	reveal	看看小小种子竟然怎样长出嫩芽。
句	jù	能表达一个较完整意思的一段话。	句子,一句	我用一句话说出自己喜欢的颜色。	表达想法	💬	reveal	打开句子卡，读一句表达喜欢的话。
室	shì	房屋里面的一间屋子。	教室,卧室	教室里有桌子、椅子和书架。	校园生活	🏫	reveal	打开教室门，看看里面有哪些东西。
异	yì	和别的东西不一样。	差异,异样	两片叶子的颜色有差异。	比较发现	🍃	match	比较两片叶子，找到颜色的差异。
激	jī	很强烈，也指让心情变得不平静。	激动,激励	看到自己种的花开了，我很激动。	我的心情	🤩	match	找到看到花开时激动的小朋友。
汉	hàn	用于汉字、汉语和汉族等名称。	汉字,汉语	我们用汉字写下自己的名字。	认识文字	✍️	match	把名字的声音和写出来的汉字配在一起。
村	cūn	较小的居民聚居的地方，常在乡间。	村庄,乡村	村庄旁边有稻田和小河。	我的社区	🏡	reveal	打开乡村画面，找到村庄旁边的稻田。
哈	hā	表示笑声的声音。	哈哈,哈哈笑	看到小狗追着尾巴转，我哈哈笑起来。	我的心情	😄	match	找到发出哈哈笑声的开心画面。
策	cè	做事前想好的办法或计划。	策略,策划	我们想好策略，先搭桥墩再铺桥面。	做事有计划	🧱	reveal	打开计划卡，看看搭桥的策略。
演	yǎn	把故事、歌曲或动作做给别人看。	表演,演出	我和朋友表演小兔采蘑菇的故事。	音乐和故事	🎭	reveal	打开小舞台，看看大家表演的故事。
简	jiǎn	内容少而明白，做起来不复杂。	简单,简短	我用简单的步骤折了一只小船。	动手发现	⛵	match	找到步骤简单、容易跟着做的折纸图。
卡	kǎ	用来记录、说明事情的小纸片或塑料片。	卡片,字卡	我把画好的卡片送给朋友。	生活物品	🃏	collect	把喜欢的字卡收进卡片盒。
判	pàn	看清情况后，决定怎样想或怎样做。	判断,判定	我看叶子的颜色，判断这片叶子已经变黄。	动手发现	🔍	match	观察叶子，判断哪一片已经变黄。
担	dān	承担事情，也表示心里挂念。	担心,承担	妹妹摔倒了，我担心她，马上请大人帮忙。	关心身边	🫂	match	找到担心朋友时请大人帮助的做法。
州	zhōu	行政区划的名称，也用于一些城市名字。	广州,苏州	我们在地图上找到广州这座城市。	家长陪读	🗺️	reveal	和家长一起看地图，认识广州。
静	jìng	没有吵闹，也没有明显的动作。	安静,平静	图书馆里很安静，我轻轻翻书。	校园生活	🤫	match	找到在图书馆安静阅读的小朋友。
退	tuì	向后移动，或离开原来的位置。	后退,退回	我往后退一步，给朋友让出位置。	一起动起来	👣	match	找到向后退一步的动作。
既	jì	表示已经，也可连接同时成立的两种情况。	既然,既有	这个花园既有小树，也有漂亮的小花。	表达想法	🌳	reveal	打开花园图，看看既有什么，也有什么。
宗	zōng	根本的来由；宗旨表示做事的主要目的。	宗旨,宗教	这次活动的宗旨是一起爱护花草。	家长陪读	🌷	reveal	和家长一起读活动牌，认识宗旨这个词。
积	jī	把东西一点点聚起来，越来越多。	积木,积累	我把积木一块块叠起来，搭成小塔。	动手发现	🧱	collect	把积木一点点积起来，搭一座小塔。
余	yú	用过以后还剩下的部分。	剩余,余下	分好水果后，盘子里还有剩余的苹果。	数一数	🍎	count	分好水果后，数数余下几个苹果。
痛	tòng	身体或心里很难受。	疼痛,痛苦	手指疼痛时，我告诉妈妈，请她帮忙。	照顾身体	🩹	match	找到手指疼痛时向妈妈求助的小朋友。
检	jiǎn	仔细看看，确认有没有问题。	检查,检验	出门前，爸爸检查车轮有没有问题。	安全生活	🚲	reveal	打开检查图，看看自行车哪些地方要查看。
差	chà	不一样，或没有达到需要的程度。	差不多,差一点	这两块积木的大小差不多。	比较发现	🧱	match	找到大小差不多的两块积木。
富	fù	数量多、内容多，也指财物充足。	丰富,富有	我们的书架上有丰富的绘本。	认识文字	📚	reveal	打开书架，看看丰富的绘本种类。
灵	líng	反应快、动作灵活，或很有效。	灵活,灵巧	小猫动作灵活，轻轻跳上矮凳。	动物朋友	🐈	match	找到小猫灵活跳跃的动作。
协	xié	一起配合，帮助把事情做好。	协作,协调	我们协作搭积木，一个递，一个搭。	一起合作	🤝	collect	一个递积木，一个搭房子，一起协作。
角	jiǎo	两条边相接的地方，也指动物头上的尖物。	三角形,牛角	我在画纸上画了一个三角形。	比较发现	🔺	match	找到有三个角的三角形。
占	zhàn	用去一个位置、时间或数量的一部分。	占用,占据	大盒子占了桌子的一半，我们挪一挪。	比较和方位	📦	match	看看盒子占用的位置，把桌面整理好。
配	pèi	把互相合适的东西放在一起。	配对,搭配	我把两只一样的袜子配成一对。	自己来做	🧦	match	找到样子一样的袜子，配成一对。
征	zhēng	表示某种情况的迹象，也指广泛征求。	特征,征求	小兔长耳朵、短尾巴，是它的特征。	动物朋友	🐇	match	根据长耳朵和短尾巴的特征找到小兔。
修	xiū	把坏了的地方弄好，或整理得更合适。	修理,修补	爸爸修好了松动的椅子。	生活发现	🛠️	reveal	看看椅子修理前后有什么变化。
皮	pí	人和动物身体外面的一层，也指果实外层。	皮肤,果皮	我把剥下来的香蕉皮放进垃圾桶。	好好吃饭	🍌	collect	把香蕉皮收好，让地面保持干净。
挥	huī	让手臂或手里的东西来回摆动。	挥手,挥动	离开公园时，我向朋友挥手告别。	礼貌表达	👋	match	找到挥手说再见的动作。
胜	shèng	比赛时取得好结果，比对方做得更好。	胜利,获胜	比赛结束了，获胜的队伍和大家握手。	运动游戏	🏆	reveal	看看比赛结束后，获胜的朋友怎样和大家握手。
降	jiàng	从高处向低处移动。	下降,降落	气球慢慢下降，落到草地上。	比较和方位	🎈	reveal	看看气球怎样从高处慢慢下降。
阶	jiē	一层层可以踩上去的台阶，也指步骤。	台阶,阶段	我牵着妈妈的手，一阶一阶上台阶。	生活设施	🪜	count	数数脚下有几阶台阶。
审	shěn	仔细查看，确认内容是否合适或正确。	审查,审核	老师审核我们的活动清单，看是否准备齐全。	家长陪读	📋	reveal	打开清单，和大人一起仔细审核。
沉	chén	往下落到水里等地方，也表示重量大。	沉下,沉重	小石头放进水里，就沉下去了。	动手发现	🪨	match	比较木块和石头，找到会沉下去的东西。
坚	jiān	牢固，不容易改变或破坏。	坚固,坚持	这座积木桥很坚固，放上小车也不晃。	动手发现	🌉	match	找到桥墩稳、结构坚固的积木桥。
善	shàn	心地好，愿意对人和事物好好相待。	善良,友善	我友善地邀请新朋友一起玩。	关心身边	💗	match	找到友善邀请朋友一起玩的画面。
刘	liú	一个常见的姓氏。	姓刘,刘海	姓刘的小朋友和我一起画画。	家长陪读	🧒	reveal	和家长一起看看姓名卡，认识刘这个姓氏。
读	dú	看文字、理解意思，也可以读出声音。	读书,阅读	我读一本讲小动物的书。	认识文字	📖	reveal	打开绘本，和小朋友一起读一读。
啊	a	放在话里，表示感叹或让语气自然亲切。	好啊,来啊	我说，好啊，我们一起读书。	表达想法	💬	match	找到用啊表达愿意一起玩的句子。
超	chāo	越过原来的范围或数量。	超过,超市	小苗长高了，已经超过旁边的标记。	比较发现	🌱	match	找到长得超过高度标记的小苗。
免	miǎn	把某件事省去，或避免它发生。	避免,免费	我们收好地上的积木，避免踩到它。	安全生活	🧱	collect	收好地上的积木，避免走路时踩到。
压	yā	用力往下按，使东西被挤住或变平。	压住,按压	我用书压住纸角，不让风吹走纸。	动手发现	📚	match	把书放到纸角，压住要被风吹动的纸。
银	yín	一种有亮光的金属，也表示像它的颜色。	银色,白银	这个铃铛是亮亮的银色。	颜色和物品	🔔	match	找到亮亮的银色铃铛。
买	mǎi	付出钱，换来需要的东西。	买书,购买	妈妈买了一本新绘本，我们一起读。	生活购物	📚	reveal	打开购书清单，看看要买哪本绘本。
皇	huáng	古代对皇帝或与皇帝有关事物的称呼。	皇帝,皇宫	图画书里画着皇宫和里面的花园。	家长陪读	🏯	reveal	和家长一起看历史图画，认识皇宫。
养	yǎng	提供食物和照料，让生命健康成长。	养护,养育	我们养护小花，让它慢慢长大。	关心身边	🪴	collect	给小花送水，认真养护它。
伊	yī	常用于人名或地名，如国家名伊朗。	伊朗,伊犁	我们在世界地图上找到伊朗。	家长陪读	🌏	reveal	和家长一起看地图，认识伊朗这个地名。
怀	huái	心里想着，也指胸前可以抱住东西的地方。	怀抱,怀念	妈妈把小宝宝抱在怀里。	我的家人	🫂	match	找到宝宝在妈妈怀抱里的画面。
执	zhí	握住、拿着，也表示坚持做或按要求做。	执行,执笔	我们执行约定，玩完积木就收好。	做事有计划	📋	collect	照着约定收好积木，执行整理计划。
副	fù	用来数成套的东西，也表示辅助的。	一副,副手	我把一副手套放进书包。	生活物品	🧤	match	把左右两只手套配成一副。
乱	luàn	没有次序，不整齐。	杂乱,乱放	玩具乱放在地上，我们一起收好。	自己来做	🧸	collect	把杂乱的玩具整理到盒子里。
抗	kàng	抵挡，让外来的力量不容易造成影响。	抵抗,抗风	这座房子有结实的墙，能够抵抗强风。	家长陪读	🏠	reveal	看看结实的房屋结构，了解怎样抵抗风力。
犯	fàn	做了不应该做的事，或出现错误。	犯错,犯规	我犯了错，愿意认真改正。	自己来做	🔁	match	找到发现犯错后愿意改正的做法。
追	zhuī	跟在后面努力赶上，或寻找下落。	追赶,追逐	小狗追着滚动的皮球跑。	动物朋友	🐕	match	找到小狗追赶皮球的路线。
帮	bāng	为别人出力，一起把事情做好。	帮助,帮忙	我帮妈妈把小碗摆上桌。	一起合作	🍚	collect	把小碗摆好，帮妈妈准备吃饭。
宣	xuān	把消息或决定公开告诉大家。	宣布,宣传	老师宣布，今天大家一起种花。	表达想法	📣	reveal	打开活动牌，听老师宣布今天的安排。
佛	fó	佛教对觉悟者的称呼，也用于佛像等词。	佛像,佛教	博物馆里陈列着一尊古老的佛像。	家长陪读	🏛️	reveal	和家长一起看博物馆图，认识佛像。
岁	suì	表示年龄，一年算一岁。	三岁,几岁	我今年三岁，姐姐比我大两岁。	我的家人	🎂	count	数数生日蜡烛，看看小朋友几岁。
航	háng	乘船在水上行进，或乘飞行器在空中行进。	航行,航空	轮船在海面上航行。	交通发现	🚢	match	找到正在海上航行的轮船。
优	yōu	做得好，或比一般的情况好。	优秀,优点	我善于观察，这是我的一个优点。	表达想法	⭐	reveal	打开本领卡，看看小朋友有哪些优点。
怪	guài	不常见、让人觉得奇特，也表示责备。	奇怪,怪事	这片叶子的形状很奇怪，像一把小扇子。	观察自然	🍃	match	找到形状奇怪、像小扇子的叶子。
香	xiāng	好闻的气味，也表示食物味道好。	香气,香味	面包烤好了，散发出香味。	好好吃饭	🍞	reveal	打开面包篮，看看香味从哪里来。
著	zhù	写成文章或书，也表示很有名。	著作,著名	爷爷给我介绍一位著名的画家。	文化发现	🎨	reveal	打开画册，看看著名画家的作品。
田	tián	可以种庄稼的土地。	田地,稻田	农民在田里种下稻苗。	食物从哪里来	🌾	reveal	打开农田画面，看看田里种什么。
铁	tiě	一种常用的硬金属，能被磁铁吸引。	铁钉,磁铁	磁铁吸住了桌上的铁钉。	动手发现	🧲	match	看看哪些材料能被磁铁吸住，找到铁钉。
控	kòng	让动作或事情按需要的方式进行。	控制,遥控	我控制小车的方向，让它绕过积木。	动手发现	🚙	match	选择合适方向，控制小车绕开积木。
税	shuì	按规定缴给国家，用于公共事务的钱。	税款,纳税	爸爸告诉我，税款可以支持修路等公共事务。	家长陪读	🏛️	reveal	和家长一起看图，了解税款和公共设施。
份	fèn	分成若干部分后，每一部分。	一份,两份	我们把水果分成两份，一人一份。	数一数	🍎	match	把水果分成两份，分别送给两位朋友。
穿	chuān	把衣服、鞋等放到身体上，也表示通过。	穿衣,穿鞋	我自己穿好鞋子，准备出门。	自己来做	👟	match	找到按顺序穿好鞋子的动作。
艺	yì	经过学习的本领，也指艺术创造。	艺术,手艺	我用彩纸和画笔做一件艺术作品。	动手发现	🎨	collect	收集彩纸和画笔，创作一件艺术作品。
背	bēi	把东西放在背部，带着它走。	背包,背着	我背着小书包走进幼儿园。	自己来做	🎒	match	找到把小书包背在背上的小朋友。
阵	zhèn	用来表示持续一段时间的声音、风雨等。	一阵,阵雨	一阵风吹来，树叶沙沙响。	观察自然	🍃	reveal	看看一阵风吹来时，树叶怎样动。
脚	jiǎo	腿下面支撑身体、帮助行走的部分。	脚丫,双脚	我用双脚稳稳站在地上。	我的身体	🦶	match	找到双脚着地、站得稳的姿势。
概	gài	大致、简单，或不很确定。	大概,概括	我大概看了一遍地图，知道公园在前面。	表达想法	🗺️	reveal	看看简单地图，大概了解去公园的方向。
恶	è	很不好，可能让人受到伤害。	恶劣,恶意	天气恶劣时，我们留在屋里做手工。	安全生活	⛈️	match	天气恶劣时，找到在屋里安稳活动的画面。
块	kuài	一小片或一小团东西，也用来数这些东西。	一块,石块	我拿起一块积木，放到小桥下面。	动手发现	🧱	count	数数小桥下面放了几块积木。
顿	dùn	用来数吃饭的次数，也表示停一下。	一顿,停顿	我们一家吃了一顿热乎乎的晚饭。	好好吃饭	🍽️	reveal	打开家庭餐桌，看看这一顿晚饭吃什么。
敢	gǎn	有勇气去做，不过仍要注意安全。	勇敢,敢于	我敢向老师提问，说出自己不明白的地方。	表达想法	🙋	match	找到勇敢举手提问的小朋友。
守	shǒu	保持、照看，也表示认真按规则去做。	遵守,守护	我们遵守约定，排队时不推挤。	一起合作	👫	match	找到遵守排队约定的队伍。
酒	jiǔ	含酒精的饮料，儿童不能饮用。	酒精,酒杯	家长把酒收好，我喝自己的温水。	家长陪读	🥤	match	和家长一起看，找到小朋友可以喝的温水。
岛	dǎo	四周被水围住的陆地。	海岛,小岛	湖中有一座小岛，四周都是水。	观察自然	🏝️	match	找到四周都被水围住的小岛。
托	tuō	从下面撑着，也表示把事交给别人。	托住,委托	我用两只手托住花盆，慢慢放到桌上。	自己来做	🪴	match	找到双手从下面托住花盆的动作。
央	yāng	在中央一词中，表示正中间。	中央,央求	小桌子放在房间中央。	比较和方位	🪑	match	找到放在房间中央的小桌子。
户	hù	一家，也指门或与门相关的地方。	窗户,住户	我打开窗户，让新鲜空气进来。	我的家	🪟	reveal	打开窗户，看看外面的小树。
烈	liè	很强、很大，程度深。	强烈,热烈	大家热烈鼓掌，祝贺朋友完成表演。	我的心情	👏	match	找到向表演者热烈鼓掌的观众。
洋	yáng	广大的海，也用来形容很多或广大。	海洋,太平洋	海洋里生活着许多鱼。	观察自然	🌊	reveal	打开海洋画面，看看哪些动物住在海里。
索	suǒ	粗的绳子，也表示寻找。	绳索,探索	我们探索花园，发现了几种不同的叶子。	户外发现	🔍	reveal	打开花园图，探索叶子有哪些不同。
胡	hú	在胡须一词中指嘴边的毛，也可用作姓氏。	胡须,胡萝卜	爷爷的胡须摸起来有一点扎手。	我的家人	👴	match	找到爷爷脸上的胡须。
款	kuǎn	东西的样式，也表示钱。	款式,付款	这两件衣服的款式不同，一件有口袋。	比较发现	👕	match	比较衣服款式，找到带口袋的一件。
靠	kào	接近并挨着，也表示凭借别人帮助。	靠近,依靠	我的小椅子靠近书架。	比较和方位	🪑	match	找到靠近书架的小椅子。
评	píng	看一看做得怎样，再说出自己的判断。	评价,评论	我们评价积木桥，看看哪里搭得稳。	表达想法	💬	reveal	打开作品卡，说说你对积木桥的评价。
版	bǎn	印刷或屏幕上的一页，也指书的不同版本。	版面,版本	这本书的版面上有图画和文字。	认识文字	📖	reveal	打开书页，看看版面上的图画和文字。
宝	bǎo	有价值、值得珍惜的东西。	宝贝,宝物	这块漂亮石头是我的小宝贝。	关心身边	💎	collect	把珍惜的小宝贝妥善收好。
座	zuò	可以坐的地方，也用来数山或建筑等。	座位,一座	我找到自己的座位，安静坐下。	校园生活	🪑	match	根据姓名卡，找到小朋友的座位。
释	shì	把不明白的意思说明白，也表示放开。	解释,释放	妈妈解释地图上的图案是什么意思。	表达想法	🗺️	reveal	点开地图图案，看看它的解释。
景	jǐng	能看到的景色或场面。	风景,景色	公园里的风景有小桥、绿树和鲜花。	户外发现	🏞️	reveal	展开公园画面，看看有哪些风景。
顾	gù	照看、关心，也表示回头看。	照顾,回顾	我照顾小花，看看它需不需要水。	关心身边	🪴	collect	给需要水的小花浇一点，认真照顾它。
登	dēng	向上走到某个地方。	登山,登上	我和爸爸登上小山，看到了远处的村庄。	户外发现	⛰️	match	沿着安全步道，找到登上小山的路线。
货	huò	可以买卖或运送的物品。	货物,货架	商店的货架上摆着书和文具。	生活购物	🛒	collect	把书和文具整理到合适的货架。
互	hù	双方都对对方做同样的事情。	互相,互助	我和朋友互相帮助，一起搭好积木桥。	一起合作	🤝	match	找到两位朋友互相帮助的画面。
付	fù	交给别人，也表示付出钱或力气。	付款,付出	买面包时，妈妈付款后把面包收好。	生活购物	🪙	match	把买面包和付款的步骤按顺序配好。
伯	bó	爸爸的哥哥称为伯父，也用于尊称。	伯父,伯伯	伯父来到家里，陪我一起看绘本。	我的家人	👨	match	在家庭关系图中，找到爸爸的哥哥伯父。
慢	màn	动作或事情进行的速度不快。	慢慢,快慢	我慢慢走过小桥，不急着跑。	比较发现	🐢	match	比较两种步伐，找到慢慢走的动作。
欧	ōu	常用于欧洲这个名称，也可作姓氏。	欧洲,欧元	我们在世界地图上找到欧洲。	家长陪读	🌍	reveal	和家长一起看地图，认识欧洲。
换	huàn	用另一样东西代替原来的东西。	交换,更换	我换了一张新纸，继续画画。	自己来做	📄	match	找到可以换上去的干净画纸。
闻	wén	用鼻子辨别气味，也表示听说。	闻香,新闻	我闻到了面包的香味。	好好吃饭	👃	match	根据气味提示，找到香味来自的面包。
危	wēi	可能发生伤害，让人不安全。	危险,危急	施工围栏里面有危险，我们不进去。	安全生活	🚧	match	找到避开危险、沿围栏外走的路线。
忙	máng	事情很多，正在不停地做。	忙碌,帮忙	爸爸忙着准备晚饭，我帮他摆小碗。	一起合作	🍽️	collect	爸爸忙着做饭，帮他把小碗摆整齐。
核	hé	一些果实里面硬硬、包着种子的部分。	果核,核桃	桃子的果核很硬。	观察自然	🍑	reveal	打开桃子剖面图，找到里面的果核。
暗	àn	光少，不明亮。	暗处,昏暗	屋里有点暗，我请妈妈打开台灯。	照顾身体	💡	match	找到暗处需要打开的台灯。
介	jiè	在两者中间，也用于介绍这个词。	介绍,介于	我向奶奶介绍新朋友的名字。	礼貌表达	💬	reveal	打开朋友卡，听小朋友介绍他的名字。
坏	huài	东西出了问题，或做得不好。	坏了,损坏	小车的轮子坏了，爸爸帮我修好。	生活发现	🚙	match	找到轮子坏了、需要修理的小车。
讨	tǎo	和别人一起谈，也表示请求得到。	讨论,讨教	我们讨论怎样搭一座更稳的小桥。	一起合作	💬	reveal	打开对话卡，看看朋友们怎样讨论。
丽	lì	美好、漂亮。	美丽,秀丽	花园里开满了美丽的小花。	颜色和植物	🌸	collect	收集美丽花朵的图案，做一张花园卡。
良	liáng	好，符合需要，让人觉得满意。	良好,优良	每天整理书包，是一个良好的习惯。	自己来做	🎒	match	找到每天整理书包的良好习惯。
序	xù	先后排列的次序。	顺序,次序	我按顺序洗手，先打湿，再抹肥皂。	自己来做	🧼	match	把洗手步骤按正确顺序排列。
升	shēng	从低处向高处移动。	上升,升起	太阳慢慢升起，天空亮了。	观察自然	🌅	reveal	看看太阳怎样慢慢升起。
监	jiān	在旁边查看，确认事情按要求进行。	监督,监看	爸爸监督我整理玩具，看看有没有收齐。	自己来做	👀	reveal	打开整理清单，和爸爸一起监督检查。
临	lín	来到、靠近，或面对着。	来临,临近	春天来临，小树长出了新叶子。	生活时间	🌱	reveal	打开季节图，看看春天来临的变化。
亮	liàng	光足，看得清楚，或能发光。	明亮,亮光	台灯亮了，书页变得清楚可见。	观察自然	💡	reveal	打开台灯，让桌面变明亮。
露	lù	空气中的水汽在较冷表面凝成的小水滴。	露水,露珠	早晨，草叶上有亮晶晶的露珠。	观察自然	💧	reveal	放大草叶，看看小小的露珠。
永	yǒng	很长很长的时间，不容易结束。	永远,永久	我想永远记得这次开心的家庭旅行。	表达想法	📷	reveal	翻开旅行照片，看看想永远记住的时光。
呼	hū	叫出声音，也指把气从身体里吐出来。	呼吸,呼叫	跑完步后，我慢慢呼吸。	我的身体	🌬️	match	找到吸气和呼气对应的动作。
味	wèi	鼻子闻到或舌头尝到的感觉。	味道,气味	汤的味道很香，我慢慢喝了一小口。	好好吃饭	🥣	reveal	打开食物图，看看不同食物的味道提示。
野	yě	城镇外的自然地方，也表示不由人饲养。	野外,野花	我们在野外看见小小的野花。	户外发现	🌼	match	找到在自然草地上生长的野花。
架	jià	撑住、摆放东西的结构，也表示搭起来。	书架,支架	我把绘本放回书架。	生活物品	📚	collect	把绘本按大小放回书架。
域	yù	一定范围的地方。	区域,领域	我们在种植区域里照顾小苗。	比较和方位	🪴	match	根据地图标记，找到种植区域。
沙	shā	岩石变成的很细小的颗粒。	沙子,沙滩	我用小铲子在沙滩上堆沙堡。	动手发现	🏖️	collect	把沙子装进小桶，做一座沙堡。
掉	diào	原来连着或放着的东西落下、离开了。	掉落,掉下	一片叶子从树上掉下来。	观察自然	🍂	reveal	看看叶子怎样从树枝上掉落。
括	kuò	把相关的内容合在一起。	包括,概括	我的书包里包括水杯、绘本和小毛巾。	表达想法	🎒	reveal	打开书包，看看里面包括哪些物品。
舰	jiàn	较大型、用于军事任务的船。	军舰,舰船	图画书里画着一艘正在航行的军舰。	家长陪读	🚢	reveal	和家长一起看船只图，认识军舰。
杂	zá	不同的东西混在一起，或种类很多。	杂乱,杂物	桌上有些杂物，我把它们分类收好。	自己来做	🧺	collect	把桌上的杂物分类放进盒子。
误	wù	做得不对，或理解出了差错。	错误,误会	我发现拼图放错了，改正了这个错误。	自己来做	🧩	match	找到拼图里的错误，再换到合适位置。
湾	wān	河流或海边弯进去的地方。	海湾,河湾	小船停在平静的海湾里。	观察自然	🏝️	reveal	打开海岸地图，找到弯进去的海湾。
吉	jí	表示美好、顺利、平安的祝愿。	吉祥,吉利	奶奶说了一句吉祥话，祝我们平安。	文化发现	🏮	reveal	打开祝福卡，读一读吉祥话。
减	jiǎn	拿走一些，数量变少。	减少,减去	我拿走两个苹果，盘子里的苹果减少了。	数一数	🍎	count	拿走两个苹果后，数数数量减少了多少。
编	biān	把线等交错连接，也表示整理成作品。	编织,编故事	奶奶用毛线编织了一条围巾。	动手发现	🧶	reveal	看看毛线怎样编织成围巾。
楚	chǔ	形容整齐、美好的样子，也用于清楚这个词。	楚楚动人,清楚	窗边的小花楚楚动人，妈妈把它画下来。	家长陪读	🌸	reveal	和家长一起看看美好的小花，读一读楚楚动人。
测	cè	用工具或办法量出、查明某种情况。	测量,测温	我们用尺子测量豆芽的高度。	动手发现	📏	match	把尺子放到豆芽旁，测量它有多高。
败	bài	没有达到想要的结果，或在比赛中没赢。	失败,成败	搭桥失败了，我们想想办法再试一次。	自己来做	🧱	match	找到失败后愿意再试一次的做法。
屋	wū	人可以住或活动的房子。	屋子,房屋	屋子里有小床和书桌。	我的家	🏠	reveal	打开屋门，看看屋子里的家具。
梦	mèng	睡觉时脑中出现的画面，也指心中的愿望。	做梦,梦想	我做梦时，看见自己坐着小船去看星星。	游戏和想象	🌙	reveal	打开梦境画面，看看小朋友梦见什么。
散	sàn	原来聚在一起的东西分开了。	散开,散步	我们把挤在一起的积木散开，再分类整理。	自己来做	🧱	collect	把积木散开，按颜色分别收好。
温	wēn	不冷不烫、暖和的感觉，也指温度。	温暖,温水	我喝了一口温水，感觉很舒服。	照顾身体	🥤	match	找到不冷不烫、适合小朋友喝的温水。
困	kùn	想睡觉，也表示事情难以解决。	困倦,困难	我觉得困了，就和妈妈说晚安。	生活时间	😴	match	找到困倦时准备休息的小朋友。
剑	jiàn	古代常见的一种长而尖、两面有刃的兵器。	宝剑,剑术	图画书里画着一把古代的宝剑。	家长陪读	🏛️	reveal	和家长一起看历史图画，认识古代的剑。
渐	jiàn	一点一点发生变化，慢慢地。	渐渐,逐渐	太阳渐渐升高，影子慢慢变短。	观察自然	🌅	reveal	看看太阳渐渐升高时，影子怎样变短。
封	fēng	把开口闭合，也用来数信件。	信封,封口	我把贺卡放进信封，再封好开口。	生活物品	✉️	match	把贺卡放进信封，找到需要封好的开口。
救	jiù	帮助处在困难或危险中的人和生命。	救助,救援	救援人员帮助受困的人来到安全地方。	家长陪读	🛟	match	把需要帮助的人和救援人员配在一起。
贵	guì	价格高，也表示值得重视。	贵重,珍贵	奶奶送的照片，是我珍贵的礼物。	关心身边	📷	reveal	打开相册，看看小朋友珍贵的家庭照片。
缺	quē	少了需要的一部分，不完整。	缺少,缺口	拼图缺了一块，我在盒子里找到了它。	动手发现	🧩	match	找到缺少的拼图块，让画面完整。
楼	lóu	有两层或更多层的房屋。	楼房,楼梯	我们住的楼房有一段宽宽的楼梯。	我的社区	🏢	reveal	打开楼房图，找到楼梯和不同楼层。
县	xiàn	一种地方行政区划的名称。	县城,县名	爷爷在地图上指出自己家乡的县城。	家长陪读	🗺️	reveal	和家长一起看家乡地图，认识县城这个词。
尚	shàng	还、仍然，也表示重视和敬慕。	尚未,崇尚	这朵花尚未开放，我们明天再来看看。	表达想法	🌷	match	找到尚未开放的花苞。
毫	háo	非常细小的部分，也表示数量很少。	毫米,毫无	尺子上的小格可以用来量毫米。	动手发现	📏	reveal	放大尺子，看看表示毫米的小刻度。
移	yí	从原来的地方挪到另一个地方。	移动,移开	我把椅子移开，给大家留出通道。	自己来做	🪑	match	把椅子移动到合适位置，让通道空出来。
娘	niáng	妈妈的称呼，也用于姑娘等词。	娘亲,姑娘	故事里的小姑娘和娘亲一起种花。	我的家人	👩	reveal	翻开故事书，认识娘亲是妈妈的称呼。
朋	péng	在朋友一词中，指互相友好相处的人。	朋友,亲朋	我和朋友一起分享彩笔。	一起合作	👫	collect	把彩笔分给朋友，一起画画。
画	huà	用线条和颜色表现看到或想到的东西。	画画,图画	我画了一棵开花的小树。	动手发现	🎨	reveal	打开画纸，看看小朋友画了什么。
班	bān	为学习或工作组织起来的一群人。	班级,班长	我们班的小朋友一起读绘本。	校园生活	🏫	reveal	打开班级画面，看看大家一起做什么。
智	zhì	能想明白事情、找到办法的能力。	智慧,智力	我们用智慧想出搭稳积木桥的办法。	动手发现	💡	match	比较搭桥办法，选择更有智慧的一种。
亦	yì	表示也、同样。	亦可,亦然	这盒彩笔可以一起用，另一盒亦可。	家长陪读	🖍️	match	和家长一起读，找到亦可表示也可以的句子。
恩	ēn	别人关爱、帮助我们时带来的好意。	感恩,恩情	我感恩奶奶的照顾，画了一张贺卡给她。	关心身边	💌	collect	把表达感恩的贺卡送给奶奶。
掌	zhǎng	手里面的一面，也指掌握、控制。	手掌,鼓掌	我张开手掌，数一数手指。	我的身体	🖐️	match	找到手掌对应的手印。
恐	kǒng	感到害怕，也表示担心。	恐怕,恐惧	恐怕快下雨了，我们带好雨伞。	表达想法	☔	match	看看阴云，找到恐怕下雨时要带的雨伞。
遗	yí	留下，也表示忘记带或丢了。	遗失,遗留	我遗失了小帽子，请老师陪我找一找。	生活发现	🧢	match	根据颜色和名字，找到遗失的小帽子。
固	gù	牢靠，不容易移动或改变。	牢固,固定	积木桥的桥墩很牢固，小车经过也不晃。	动手发现	🌉	match	找到桥墩牢固的积木桥。
席	xí	可以坐的席子，也表示座位。	座席,凉席	夏天，奶奶把凉席铺在床上。	生活物品	🛏️	reveal	打开床铺图，看看凉席的纹路。
松	sōng	不紧，也指松树这种植物。	松树,松开	我松开绳结，把袋子打开。	生活发现	🪢	match	找到绳结松开后可以打开的袋子。
谢	xiè	对别人的帮助表达感谢。	谢谢,感谢	朋友帮我找到帽子，我对他说谢谢。	礼貌表达	🙏	match	找到得到帮助后说谢谢的小朋友。
鲁	lǔ	做事不够仔细、比较莽撞，也可作姓氏。	鲁莽,鲁班	玩游戏时，我们不鲁莽推挤，认真守规则。	家长陪读	👫	match	和家长一起看，找到不鲁莽推挤的做法。
遇	yù	碰到某个人、某件事或某种情况。	遇见,遇到	我在公园里遇见了好朋友。	一起合作	👋	reveal	打开公园画面，看看小朋友遇见谁。
康	kāng	身体健康、生活安稳的状态。	健康,安康	我认真吃饭、适当运动，让身体更健康。	照顾身体	🏃	match	找到有助于健康的吃饭和运动习惯。
虑	lǜ	心里想一想，或对事情感到担心。	考虑,忧虑	选绘本时，我考虑自己最想看哪个故事。	表达想法	📚	match	看看三本绘本，考虑自己想读哪一本。
幸	xìng	遇到好事、没有受到不好的影响。	幸运,幸福	我很幸运，在雨来之前回到了家。	我的心情	🌈	reveal	打开故事图，看看小朋友遇到了什么幸运的事。
均	jūn	大家一样，每部分相同。	平均,均匀	我们把六个苹果平均分给三个朋友。	数一数	🍎	count	给三位朋友平均分苹果，每人一样多。
销	xiāo	把商品卖出去，也表示消除。	销售,销路	这家商店销售绘本和文具。	生活购物	🛒	reveal	打开商店货架，看看这里销售什么。
钟	zhōng	记录时间的钟表，也指能敲响的钟。	时钟,钟表	我看时钟，知道该准备吃饭了。	生活时间	🕰️	reveal	打开钟面，看看时钟指到哪里。
诗	shī	有节奏、有意味，用来表达感受的文学作品。	诗歌,古诗	我读一首写春天的诗给妈妈听。	音乐和故事	📜	reveal	打开诗歌卡，读一读春天的诗。
藏	cáng	把东西放起来，不容易被看到或找到。	藏好,收藏	我把小礼物藏在盒子里，准备给奶奶惊喜。	游戏和想象	🎁	reveal	打开盒子，找到藏起来的小礼物。
赶	gǎn	加快动作，争取及时到达或完成。	赶快,赶上	我们早点出门，赶上了去公园的公交车。	生活时间	🚌	match	看看出发时间，找到能赶上公交车的安排。
剧	jù	把故事用角色和动作表演出来的作品。	戏剧,话剧	我们表演一出小话剧，讲朋友互相帮助。	音乐和故事	🎭	reveal	打开小舞台，看看话剧里有哪些角色。
票	piào	证明可以乘车、入场等的小纸片或电子凭证。	车票,门票	爸爸收好车票，带我一起去乘车。	交通发现	🎟️	match	把车票和对应的车次图配在一起。
损	sǔn	让原来好的东西受到破坏或减少。	损坏,损失	书页损坏了，我们请老师帮忙修补。	关心身边	📖	match	找到损坏的书页，再配上合适的修补办法。
忽	hū	没有注意到，也表示发生得很突然。	忽然,忽略	忽然吹来一阵风，树叶轻轻摇动。	观察自然	🍃	reveal	看看忽然吹来风时，哪些树叶动了。
巨	jù	特别大，远远超过一般的大小。	巨大,巨人	图画书里画着一座巨大的山。	比较发现	⛰️	match	比较两座山的图，找到巨大的那座。
炮	pào	用火药发射弹丸的武器，也用于鞭炮等词。	大炮,鞭炮	历史图画里画着一门古代的大炮。	家长陪读	🏛️	reveal	和家长一起看历史图画，认识大炮。
旧	jiù	以前就有或用过的，和新相对。	旧书,新旧	我把旧书整理好，送给想读的朋友。	关心身边	📚	match	比较新旧绘本，找到以前读过的旧书。
端	duān	拿着东西，让它保持平稳，也指末端。	端起,两端	我用两只手端起小碗。	自己来做	🥣	match	找到双手平稳端起小碗的动作。
探	tàn	向不清楚的地方寻找、查看。	探索,探望	我们探索花园，发现了叶子上的小虫。	户外发现	🔍	reveal	打开花园观察图，探索叶子上的小虫。
湖	hú	四周有陆地围住的较大水域。	湖水,湖边	湖水很平静，倒映着小树。	观察自然	🏞️	reveal	打开湖边画面，看看水里的倒影。
录	lù	把看到、听到的事情记下来。	记录,录音	我记录豆芽每天长高多少。	动手发现	📝	reveal	打开记录本，看看豆芽每天的变化。
春	chūn	冬天以后、夏天以前的季节。	春天,春风	春天来了，小树长出嫩叶。	生活时间	🌱	reveal	打开季节图，看看春天的新叶子。
乡	xiāng	城镇外的乡村地区，也指家乡。	家乡,乡村	奶奶的家乡有小河和稻田。	我的家人	🏡	reveal	翻开家乡照片，看看奶奶住过的地方。
附	fù	挨着、贴着，也表示另外加上。	附近,附上	我们家附近有一座小公园。	比较和方位	🗺️	match	在地图上找到家附近的公园。
吸	xī	把气体或液体等往里面拉进来。	吸气,吸管	我吸一口气，再慢慢呼出来。	我的身体	🌬️	match	找到吸气时空气进入身体的方向。
予	yǔ	给，把东西或帮助交给别人。	给予,予以	老师给予我们帮助，一起搭好了小桥。	一起合作	🤝	collect	把需要的积木递给朋友，给予帮助。
礼	lǐ	尊重别人的行为规范，也指表达心意的物品。	礼貌,礼物	我有礼貌地向老师说早上好。	礼貌表达	🙏	match	找到有礼貌问好的动作。
港	gǎng	船可以停靠、装卸或上下人的地方。	港口,海港	轮船靠近港口，准备停靠。	交通发现	🚢	match	在海岸图上，找到轮船可以停靠的港口。
呀	ya	用在话里，表示感叹或让语气自然。	好呀,来呀	我说，好呀，我们一起画画。	表达想法	💬	match	找到用呀表达愿意一起画画的句子。
板	bǎn	平平、较薄而有一定硬度的东西。	木板,黑板	老师在黑板上画了一朵小花。	生活物品	🪵	match	找到平平的木板和黑板。
庭	tíng	院子，也用于家庭这个词。	家庭,庭院	奶奶家的庭院里种着小花。	我的家人	🏡	reveal	打开庭院门，看看里面的小花。
妇	fù	成年女性，也用于夫妇等词。	妇女,夫妇	这幅画里有一位正在种花的妇女。	家长陪读	👩	reveal	和家长一起看图，认识妇女是成年女性的称呼。
归	guī	回到原来的地方，也表示归某人所有。	归来,归还	看完绘本后，我把它归还给老师。	自己来做	📚	collect	把借来的绘本归还到原来的地方。
睛	jīng	眼睛是帮助我们看见东西的器官。	目不转睛,眼睛	我目不转睛地看小苗，发现它长出新叶。	我的身体	👀	reveal	仔细看小苗，试试目不转睛地观察。
额	é	眉毛上面、头发下面的部分。	额头,前额	我运动后出了汗，用毛巾擦擦额头。	我的身体	🙂	match	在脸部图中，找到眉毛上方的额头。
含	hán	把东西包在里面，也指放在嘴里。	包含,含有	这个礼物盒里包含一张贺卡和一支彩笔。	生活发现	🎁	reveal	打开礼物盒，看看里面包含什么。
顺	shùn	沿着同一个方向，也表示过程通畅。	顺着,顺利	我们顺着小路，走到公园门口。	比较和方位	🛤️	match	顺着小路找到公园门口。
输	shū	比赛没有赢，也表示把东西运过去。	输赢,运输	游戏输了，我祝贺朋友，再试一次。	运动游戏	🤝	match	找到输了游戏后仍友好相处的小朋友。
摇	yáo	往两边或前后摆动。	摇动,摇头	我轻轻摇动铃铛，听到叮当声。	一起动起来	🔔	match	找到来回摇动铃铛的动作。
招	zhāo	用动作或话把人叫来，也指办法。	招手,招呼	我向朋友招手，请他一起玩。	礼貌表达	👋	match	找到招手邀请朋友的动作。
婚	hūn	成年人结成夫妻的关系或相关仪式。	结婚,婚礼	相册里有爸爸妈妈结婚时的照片。	家长陪读	📷	reveal	和家长一起看相册，认识结婚这个词。
脱	tuō	让衣物等从身上离开，也表示离开某种状态。	脱鞋,脱下	进屋后，我脱下外套，挂到衣架上。	自己来做	🧥	match	找到脱下外套后挂好的动作。
补	bǔ	把缺少或坏了的部分添上、修好。	修补,补上	我们补上最后一块拼图，完成了画面。	动手发现	🧩	collect	找到缺少的拼图块，把它补上。
谓	wèi	说、称为，用来说明一个名称的意思。	所谓,称谓	妈妈说，所谓书签，就是夹在书里的标记。	家长陪读	🔖	reveal	和家长一起读，看看所谓书签指什么。
督	dū	查看并提醒，让事情按要求做好。	监督,督促	爸爸督促我收好玩具，我认真整理。	自己来做	🧺	reveal	看看整理清单，认识督促是提醒把事情做好。
毒	dú	会伤害身体的物质或影响。	有毒,消毒	有毒的东西不能尝，我们请大人收好。	家长陪读	⚠️	match	和家长一起看，找到不碰不尝并请大人处理的做法。
油	yóu	一种不容易和水混在一起、常较滑的液体。	食用油,植物油	妈妈用一点食用油炒青菜。	好好吃饭	🍳	reveal	看看做饭材料，找到食用油。
疗	liáo	医治疾病、帮助身体恢复。	治疗,疗养	医生给生病的小朋友治疗。	照顾身体	🩺	match	把需要治疗的小朋友和帮助他的医生配在一起。
旅	lǚ	离开常住的地方，去别处走一走或停留。	旅行,旅客	我们一家去旅行，看到了大海。	户外发现	🎒	reveal	翻开旅行相册，看看一家人去了哪里。
泽	zé	有水或水汽的地方，也用于有光泽这个词。	光泽,沼泽	这片叶子表面有光泽，看起来亮亮的。	观察自然	🍃	reveal	转动叶子图，看看表面亮亮的光泽。
材	cái	用来制作东西的物品，也指人的本领。	材料,木材	我们用纸板当材料，做了一座小房子。	动手发现	📦	collect	收集纸板，准备制作房子的材料。
灭	miè	让火等停止，或使某种东西消失。	熄灭,灭火	风停了，大人把小灯笼里的灯熄灭。	家长陪读	🏮	reveal	和家长一起看，认识灯熄灭后不再发光。
逐	zhú	一个接一个地，或一点点地进行。	逐个,逐渐	我逐个检查积木，看看有没有少。	自己来做	🧱	count	一个接一个逐个数，检查积木的数量。
莫	mò	表示不要、没有，也表示不明确。	莫急,莫名	老师对我说，莫急，我们慢慢找帽子。	家长陪读	🫂	match	和家长一起读，找到莫急表示不要着急的句子。
亡	wáng	丢失或生命结束，亡羊补牢里的亡指羊丢失。	亡羊补牢,死亡	我们听亡羊补牢的故事，明白发现问题要及时改正。	家长陪读	📖	reveal	和家长一起听亡羊补牢，认识发现问题后及时改正。
鲜	xiān	刚得到、没有放旧的，也表示色彩明亮。	鲜花,新鲜	花瓶里插着一束鲜花。	颜色和植物	💐	collect	把新开的鲜花图案配成一束。
词	cí	用来表达一定意思的语言单位。	词语,歌词	我学会了一个新词，叫作阳光。	认识文字	💬	match	把阳光这个词和照亮草地的画面配在一起。
圣	shèng	表示神圣、庄严，也用于圣诞节等名称。	神圣,圣诞节	图画书里介绍了圣诞节的故事。	家长陪读	📖	reveal	和家长一起读，认识不同文化里的圣诞节。
择	zé	从几种东西中挑出合适的一种。	选择,择取	我选择蓝色蜡笔，画一片天空。	自己来做	🖍️	match	从三支蜡笔中选择可以画蓝天的一支。
厂	chǎng	制造或加工东西的地方。	工厂,厂房	工厂里的工人制作我们使用的文具。	我的社区	🏭	reveal	打开生产图，看看工厂怎样制作文具。
睡	shuì	身体休息、暂时不清醒的一种状态。	睡觉,入睡	晚上，我刷好牙，准备睡觉。	生活时间	😴	match	找到睡觉前刷牙、说晚安的顺序。
博	bó	内容多、范围广，也表示知识丰富。	博物馆,博学	博物馆里有许多古老的物品。	文化发现	🏛️	reveal	打开博物馆图，看看有哪些展品。
勒	lēi	用绳子等捆住或套住，再用力拉紧。	勒紧,勒脚	背包带勒得太紧，我请妈妈帮我松一松。	家长陪读	🎒	match	和家长一起看，找到背包带太紧时请大人调整的做法。
烟	yān	燃烧时飘在空气中的细小颗粒等形成的混合物。	烟雾,冒烟	图画里，烟囱上方飘着烟。	家长陪读	🏠	reveal	和家长一起看图，找到烟囱上方的烟。
授	shòu	把知识、本领或物品交给别人。	传授,授课	老师传授折纸的办法，我们跟着练习。	校园生活	⛵	reveal	打开折纸示范，看看老师传授的办法。
诺	nuò	答应别人，愿意遵守说好的事情。	承诺,诺言	我承诺玩完积木后把它收好。	一起合作	🤝	collect	照着承诺整理积木，做到说话算数。
伦	lún	事物之间的关系或次序，也用于天伦等词。	天伦之乐,伦理	全家一起做饭、说笑，享受天伦之乐。	家长陪读	👨‍👩‍👧	reveal	和家长一起看看家庭团聚，认识天伦之乐。
岸	àn	江河湖海边的陆地。	岸边,河岸	我们站在岸边，远远看水里的小鱼。	观察自然	🏞️	match	找到水边可以站立的陆地，也就是岸。
奥	ào	难懂、需要仔细想才能明白。	奥秘,深奥	我们观察小虫，想知道它长大的奥秘。	动手发现	🔍	reveal	打开观察记录，探索小虫成长的奥秘。
